Hotel Name,Address,Price Per Day,Final Price,Rating,Link
The July - Boat & Co,Amsterdam,951,16182,9.8,https://www.expedia.ca/Amsterdam-Hotels-Luxury-Suites-Amsterdam.h10446767.Hotel-Information?chkin=2024-04-15&chkout=2024-04-29&x_pwa=1&rfrr=HSR&pwa_ts=1709275108194&referrerUrl=aHR0cHM6Ly93d3cuZXhwZWRpYS5jYS9Ib3RlbC1TZWFyY2g%3D&useRewards=false&rm1=a1&regionId=178229&destination=Amsterdam+%28and+vicinity%29%2C+North+Holland%2C+Netherlands&destType=MARKET&neighborhoodId=553248635976383129&latLong=52.37304%2C4.89237&trackingData=AAAAAQAAAAEAAAAQyzrdDTk2cp3QE3tSypFggZFYadc5ZtHrDavFlI8vfc5vsFvktHdeQ69R_Gvq2HW5Ck9ZHGNOE8y0ysgjOBps0RhHlAlCDZ4JDD--dzmCqzK1mqBQ99l4fC1rp6-xMNQrAzTGr9prulNDOXU4xG9GlS35yLrcBp1QPTig0t9YYoH7OZWYadtAbDdvDwTUeRfHpOA-qCORhEdfOcXsKWvjh9_q6cDWdTZVzSj6ttBxoJVVX8fZGzWlYbeW6od66wa0F27_VrpWx9d2JiadlQVdtXI3-4aMt_m-xnWElW5g3XwICnaRLMsAB8JpfgTbJRXgaRMmsJ2V5ED0KE5_BLD-TxlxGlqpI1C_Fc1KicWRIW0Jx08IRlM9hKPyXrMAx4LcdTT98z4gfeGgUqwfLcWfnY7VVjtb8WwdmFq3LY0lPo5DQIU8T90vG6gM2yqn_wDv6518FsFJsLVvTg5Y3RIBmJYUxbPvCAvrQWqe3lJPc8i0MtXO56Elx9w-4wr10jvMWlxGMhodtP5vReOaa7dwvZ2xNokVo6W2EmIrTswQxPb3EZTNV2rtj8j-4Hlf7sLTcuwd8QP75WRBAUEz_3a7-5NFUZ74VsIaGQqSymzSNjMbsGD6M3ZA6EXVwRCXsulO6BadI_9yLgFUuDJw_6SlInbn1ocdmVC3Hkq_cNGHJ1sBen5zlkFAH02rPGnd64W5CxkYeO5u0yaD02T0o-M1Qy2bK3yp3g9yrMikqg4CLdf2v8TVbX_Mp3tvbmXIfdLhBZeAldAHUAoHuAhQdWSdMpZHETRsGzw78KwqO07CgHkoM54YqxgtmeVMZZK0tuHuxkOhoYn-dbgWgSte9rVDPm9u_7lauwky3XOubi1KVoHO-Nyr6ha6T_BqTIhbJr3as73FbNuh819hlsfi4J-lt2twiLejwirD3lwVRHCq0Y8cOLbF2taVASfaKl6-iJHP7PebdpJq_-JtxIFHod6P0TwGnMLUVvFyRmOC8f2F_H3tTTTgBNFARmsrPP2utX961_5fU7eqmdeXAjKmIbhjUWKN6EK2-gcBvsXewKnIIBqgLKBhUnhIkJVTWlTxh5HT-9cTibkkmfCP7CYEJBDLY6Xo3llFxByUT-QC3mjyGghTG8l8Lzhl4WqzkaSppQGwT6gR0YHqvfq-h0KnsGuZCnaAvooRln5y0GG4TjLMmH41aqXIGHKeH3-F3xuu0vwx7LLU4yKZmxX8fMxk9BTJvGdaxF0xY5UWV-L-P5Q6asN5Ay1NEu0UkxbMnStHPdlL81vh245ZtRYS3iPHxIexB0-aAZRHAFOiai3bgrw-BXTip-4Z8o9NAbHKrbLaUzzdlH0R8Ik_Gag-SMrouXtbptPwlwo3ZdChEa8MPj-BPTz5w8Z4POVSW6SXN0beWoImGcpWGs81uP0XAE9RQ3NaaENWj4kvj4oqjPynzTq1HMs0Qo9PLSDG1p_Zia5Sq_GDcV7FvrZpSqvSErjAQ_gvem-Oz8bClvu3elUCedYlZQc1nz2LRm_VFxWUAuPEiy9dfd4i_PAhyDTHjXwNPUBx0PTM0UNV0kHdAr2k1A82CkXQDjT5iN2dY9OcITa0OvSOed2d86X9RoD89jDjTVMEG9gBDYqCthx_4ufZlYf9pLvIQcBc5m5FZ4zEABzCrSO-vHuMo6x2ZFHD8nXEHULeW9AGpN7_RZ7ZM4sa7zD5H5y20X9pd8c4Zy6hD7rF6QpvCkomQTyBD_eZTxgRoE9LIol8G9WBfODHD69MzEyXytcPCxZaYM8PRAookgzOkbexx1xr-iw1Zbs3dbxvujXtf3n_PxT5EP82ouILxHkY2n7HhFmiqzeuOlrZ38w1g6PKaC-HF_QzoDI3MnTjvPPmK96FJM6bk_svWvfT1JFpeeYjY-9rFq3CZd0tKHW6CBNKWRlZxilpQZR022UhejNsVLPSpsgy9Z5QxiWTEI_KvxumJ1dir8eQikGeKpP52PSKy8j__rzVhDKyY8YQBu6fq4XxmnjALdH6UlsZh40yOtNPUmnoyKLF2A1v6X8I47634j5FC3lk58_NMYb9mZoCipUrjdcZ7aB-Qezp6-YamOl16UUxLSB8oBawik07CV0kxdEYsSs40_vW_veJWcDrX1TSkD69VSrmLUybjTR-wjWRJyZoTRSQnNe_cKRwisiDFURV42HWDctV02FZiexg5QGPvRiADyFFflHMsNbC8FIynHWo6vWlCtGwmSdUgP5o4qv98Wfbotw-Ig8TkoeqzR_6kA0D2jq_yj_JtCEuG50%3D&rank=11&testVersionOverride=Buttercup%2C39483.0.0%2C50206.169039.1%2C50028.0.0%2C50813.0.0%2C49817.165296.0%2C51642.162844.1%2C49460.165713.0%2C51690.163220.0%2C52131.163559.0%2C52527.167088.0%2C52789.167580.0%2C53217.0.0%2C50988.158353.0&slots=&position=59&beaconIssued=&sort=RECOMMENDED&top_dp=951&top_cur=CAD&userIntent=&selectedRoomType=321512511&selectedRatePlan=388974536&searchId=fa11a743-e1a4-4c6f-ae3b-bb4368a1b64e
Luxury Suites Amsterdam,Amsterdam,442,7514,9.8,https://www.expedia.ca/Amsterdam-Hotels-Hotel-BOAT-CO.h36349963.Hotel-Information?chkin=2024-04-15&chkout=2024-04-29&x_pwa=1&rfrr=HSR&pwa_ts=1709275108153&referrerUrl=aHR0cHM6Ly93d3cuZXhwZWRpYS5jYS9Ib3RlbC1TZWFyY2g%3D&useRewards=false&rm1=a1&regionId=178229&destination=Amsterdam+%28and+vicinity%29%2C+North+Holland%2C+Netherlands&destType=MARKET&neighborhoodId=6006038&latLong=52.37304%2C4.89237&trackingData=AAAAAQAAAAEAAAAQlmdi4FqrXypMw4rDbGom3y85EUyYivEpCXkYXGldKaDnwGuhCT821fFb05Y7NsroguzDOb1ES7r55yUC6yEb9OesIxFKCKagCp1vFSmTbS5NRUyrrljbcknWHGiDuyC-LjmciFX9fXIp1xPoeiay7PPqa7AZ8v1TVW2ydH7qlmmzYCNkEymklsRhK_nA08qMfGYL9qBZKypHAiaLpuS8D1UT5yp_SDUJ5X39cYzR8okqCC9ZgOY2AzX-oO-_viknfs_o_nKLXJsNZNE_4cHV5pZrnIGlZ6Oq_piHdjCHNiY4UUNn7NSobmNIlUCVAEGkk-EybOTjErWY-eAdGmV6HCVeOdAN0FOmHx323mzzcu98BWdSDiKq5vQwil-Jzvwf8_Zz-l0qZsvMuNVbCHrq6npbWd_3H2jxtzcQj2h-60Het4uu6s7t9-9PmahRwM8Q0FR9y0dsMprMObRumkRDrizkIAGArC4Hm7HFfD376pxJx2qTXvWxV0kOB62PQHMJxN3xKSB9ePV8q9GNrvy3rMuyWjdXaLtrlmwZEfpLVljNCu9090l7Q8W0jL1O6hXN3e6wZ5-bsFQfcZe1HHJHpMxVDt9AN8oNU873FDWNQg_7XN6JYCJE4T2m6GcbrCTy7XA4kPgGLtfdgVCBdA9__bfPxdAKVpoCqnykjHoPJ0-W1T9jpIu8nQSUdbtEOlv_wPfYJSW2Aqj4wbiTaDRqiUd2yYqwxiZ-OHwe2LRE69nOUFilRIfIzqxOl1en8PKtl4oPc-yP704fLi8eshcky1YdIEkAvqos9Y6urGjhajphRhHvXnFADDk7kt5sTGdNKL6fVZKOHJlNCi3nXQdaLq4N72scrXBuGxDB5AltyZCsAR05Hv4j1bTCOtD_mNmMrN9bUl_hW1le9TOaN5hqyyAUz6mS_2hg4rnDPIEH36649VFzN0cboQPeDnrOl0j9A_9tg5vHk4Mj-CmKSFCMHCA-yt_KUtL6MHmbafLE55HvLhvwbKKzPTfRJxkFBFKuEXJbzotidZtVUBTVFGXhU-HodBdz-025jItpmG3tFfH_T6XgwCKlFppFks7DCDS64QuQvtqFazwCROi5LiKjcwkWEXR8h_XIqvXawqUtc0UMnrnHYmfz23Q_yMsYQJTprJgGISitd62uEyQt5DV4_Rte-lde_N0IgfU2s-v-TWJolO_m4xV-yIzjuABfk7QjQPIgTyUXLlsIekau_nWDvUdU1kD7hyImGhcCJQAfDyLFK6EUL2L3H4bKSGTvmaRXyv7fMsyF765i_Au1VszXF5GpkLvYYwB9zsLjQk0d9PQ0Lz6UC3lZdemtMG1RMdK20Gx0evbmil7ij2uEuvPvb0JJ38SDpFMpY1amzkokFLvSCh1g-eHPD72Gx18N-_mDgJc2g_sacAcRrAHV0p2YpxPTKZVl2zvUqprWbOtjwhy_uVbS9KIWF_99KztHHHcQGHOnYuHh9KKzb7qlTK_fCxdwW6TdNXh6GkXP1LO4ZvYnfECovF1jq0hrrLTs9Dqkkgh17LGii0EmeC7xG5WdfhqlnhjfO7BMH591jTMX3Cdbg0bG60_3ngQbaTVHOFb5mBZBok9OR2QM0lXDW4Ql-IJERXkbG8b9Cn4McgiSA4IssEhK2a5TltJ4bk4XfbsheP9RYUv58XJL_vrO_QmpbkkVVpC8PnXTeDQZJYI-P9LWRAmMKliwwcSfrtk64SVw6OIfAWtTNarDr2Cw1pkRzafi8TJpJr2oF2TblkRFFv85tZIcq0TpfoMd4__fj4T6MQm9B9i09Zt6KMFu-oU_Gj6BiHtFVHgODIq_ELy0MWIHLUIyPVHZ9dLGbD5n2mpAkVp9HGBKPPfEuughWDX2CL_JihczakhIp0lICVEy05tYtiUQJ7iU7dsTks8kDo4EXBc7AXljHSlGyAotNoxnbNTxzVkyK7OlDCios60zPOKlqbfVfccsfLuYDR8Y5fu-ec3q_QlCSb7GNuOMvhAcEYQp06Tmcj-B__3i8rvZCSoUtY7zsUsqoyCLYV3M3W0DG6Ef92C8c845bY0L269And80dmvkUkL_bmopWqYx18krkS2Q7En9ZV2Jd0fFTVXDbYzPY5S94c8Ai0GGRiSlYujxeZGQEwBcF6eUbr7v3LiqN5LZ86-Xhe_O48KVP9WEVWTEOHmtAMiepRIazjBoEgGEPSaSJaX69dP4HL2WcfhAbhz6M4QgRSoFEQZXKNtUIY9oYXPICMeCW50cQ81iwzzsO5QjggqhgyBFMd_0j-0%3D&rank=4&testVersionOverride=Buttercup%2C39483.0.0%2C50206.169039.1%2C50028.0.0%2C50813.0.0%2C49817.165296.0%2C51642.162844.1%2C49460.165713.0%2C51690.163220.0%2C52131.163559.0%2C52527.167088.0%2C52789.167580.0%2C53217.0.0%2C50988.158353.0&slots=&position=9&beaconIssued=&sort=RECOMMENDED&top_dp=442&top_cur=CAD&userIntent=&selectedRoomType=215739747&selectedRatePlan=258185508&searchId=fa11a743-e1a4-4c6f-ae3b-bb4368a1b64e
Wittenberg by Cove,Museum Quarter,1467,24949,9.6,https://www.expedia.ca/Amsterdam-Hotels-Tribe-Amsterdam-City.h72035777.Hotel-Information?chkin=2024-04-15&chkout=2024-04-29&x_pwa=1&rfrr=HSR&pwa_ts=1709275108176&referrerUrl=aHR0cHM6Ly93d3cuZXhwZWRpYS5jYS9Ib3RlbC1TZWFyY2g%3D&useRewards=false&rm1=a1&regionId=178229&destination=Amsterdam+%28and+vicinity%29%2C+North+Holland%2C+Netherlands&destType=MARKET&neighborhoodId=178326&latLong=52.37304%2C4.89237&sort=RECOMMENDED&top_dp=357&top_cur=CAD&userIntent=&selectedRoomType=315740520&selectedRatePlan=384425849&searchId=fa11a743-e1a4-4c6f-ae3b-bb4368a1b64e
Wittenberg by Cove,Museum Quarter,750,12760,9.6,https://www.expedia.ca/Amsterdam-Hotels-The-Wittenberg.h19292699.Hotel-Information?chkin=2024-04-15&chkout=2024-04-29&x_pwa=1&rfrr=HSR&pwa_ts=1709275108159&referrerUrl=aHR0cHM6Ly93d3cuZXhwZWRpYS5jYS9Ib3RlbC1TZWFyY2g%3D&useRewards=false&rm1=a1&regionId=178229&destination=Amsterdam+%28and+vicinity%29%2C+North+Holland%2C+Netherlands&destType=MARKET&neighborhoodId=697989100222697472&latLong=52.37304%2C4.89237&sort=RECOMMENDED&top_dp=447&top_cur=CAD&userIntent=&selectedRoomType=202158240&selectedRatePlan=392179289&searchId=fa11a743-e1a4-4c6f-ae3b-bb4368a1b64e
Weber Hotel,Amsterdam North,750,12760,9.6,https://www.expedia.ca/Amsterdam-Hotels-The-Wittenberg.h19292699.Hotel-Information?chkin=2024-04-15&chkout=2024-04-29&x_pwa=1&rfrr=HSR&pwa_ts=1709275106470&referrerUrl=aHR0cHM6Ly93d3cuZXhwZWRpYS5jYS9Ib3RlbC1TZWFyY2g%3D&useRewards=false&rm1=a1&regionId=178229&destination=Amsterdam+%28and+vicinity%29%2C+North+Holland%2C+Netherlands&destType=MARKET&neighborhoodId=697989100222697472&latLong=52.37304%2C4.89237&trackingData=AAAAAQAAAAEAAAAQCNut8y4akn9DFkXoowHTo0ngbyv6XVc9n_hhSJoH2gS38MkESaX7metTd8AIpSvl5lKyYgsM1vI9aZSowXmVSWLm98_JQRhNytSOWPd_LQ-FbslI-2LjAvgzyLa0IlTYehP19U7_3u5javkUtNfFSLgEiPqRZ0mrphSEKtBSGglNUfN_razFULjcYUk8Tt4nV7bej5x7SRD5GK_XasfYW0WL-4PxIHWIUGqZTLFBtcmlSzhZZmZEv-EjpALq_93LPmsgi-c76YYulSsPI4npigwW5gIKu_n3t5mg0BmNa5BFfdKsSFovsGp3rKySnkHjC7SJlx-Bj5FJ2yU9AGGDTu34--KiYY1JIBpKBu6C917KO8Yim_N2ReFE-_BEDk9F0IEOec0Wk0_y91l4WsHJ_em8siPs-gGoFtBsXgTPS_RxtX6OKLJ441P0TyZWUqe8po3XvhayScy9_9DTwEA-dOjTL06EaYyBn19hJBeWnhSQQaFY4jrsBN6d0mSCLXH9-1jaEBKOPZ05aMxvZJZEyjOTgnKCNcUXNYmdaxw5ZRGa7kC2VfLDx-Oma9vUwUQsL3mmhaNaGYMXqeQAiQjOgmxWxuABJXQxWIiZt8Vd7vOkNty0KQ3gxe-Lh8X3_eFt8-SsAp1nhvPTOU9bBvxIVX7OaVikoSkXVegmLCBdga__O1tZ4fes40EvpNYQb0qvyOABcpfBQUKcaggd0ZBMqoIgKJflfqH_F9jJ50ZrPXYbnU3xgdGNM7J3L4zSTq5YHpItn1pFODX4s41yN-SyHT9Y9fewP_1ql_3JRVjcmT0Zyl1uzW9KkndBppUUcF_f06efaUFs0ptpsZqodXZTvEKS8Xkkty8CjjoLU_qXwMtK2R1STAu5xEmaDhRNY1qC6VB2n7xlJPj6fv0l8vxUhcVrlLw2HRexoNGcbqVmzibkw0YoE1h0eew-ejeAOytsi547TeCqUVdxpHWrrmSrmGczkAKVHCALilIZNGp9HbEaR18RGUV5LIp8jqZR5DDUJOAwW43PxS0KB7BkpvTM3oFVEis-7ZWw65bSXQ9bxS4yNu0v5txRDq9V9q0EEPnPXM0dZnyj_CYAp7GVRi3qp8fOpFqCG8lpppQ_gw92JeStfuk6oGgo838qodo3MM6p1U99lneOnULr3QIqNb-oxqFlOR_RZ7ctEFGIwQRgjjaXypjRygfX-aYUlWcb4WzKXiImEcINDK7BPY8k9WheoHuqXQB_3wXGiKzGWRF8eHjxB3MVdk2cB87P149MXCVZ5vUm2DEc3NAWayPfAbq5FMExjr3WlExNabP5wnw9krrWJ64F_goAeVrfVs5lsrChOAvVZu3QkqoCqLst4Em99iOaagFDERtYwzCK8Oz79qs9yS1AyozBMCbchoStRWqG-6cO8Z6zNgdexdeJsV4ONiN0ORHir0ZTW8NQJhF6PyytFFECOiBOnLO1sdnZJ7iegJHeMreL9g3Ydw7eYCFRFXMgkWQLK93LS5IAcAFnI9z-t8t_1aISP7d3m7IzXnWuOGzsgmd1tY39SWn6u0azabjbjyt9Yg-YdKBvacYKsY2xxG9FteFjp5n-p7SiyrgM5Kfu72S4IKvJ5TB-56-LBzy_MXZPPWPfgLC8GrRkeMaYMK9tnT5OcYx_SC1eLNBI3Z9EOnntajMMic96x9CqHb9PhWhhgp5Hpn43XHhfn9CRHoLxSXj_tBsR2rTICyW8DHzF6XS5l45a23z_ndSvw6gCVinI_ojHv41CUeI6bbK8kpkjC2ZooMz4VrYlcfJqqn61zMyaAfBzSAF5DM_jYQrAp0EEJIpaXZKs9GaTmHm5IOwEOrIDHPHmsg1O0F4RL_1IGxUWhpCRHYqTlZlh3P6hd0Mqw8-1q4vd-KtYZzupCPz29Ucyzk7sJxOZg_QO_Mb58k4dh2kv-6ttpSa0ICFnsdOcT8Z75-r-UqHIUwTRGVoGaw2Kq2hJCPx0bDDEDhgmYTHPTSlSibP__JnpdHAWMcVQZVXaJL-qtrDEhVWvuKYt2u7HOPHC_IzYqVYOFW68F3RBH1sVVnxaGN6HhJjlwgmzHxsKQwjRh_hFJPZoW2B_jShT8DS--85cRcXNfndsBE1xylQo-js0l5cYKNq0I6Qpp3HfxHPn1TNY4-hrrzbkSVCkQNE6KAT79rP1vjQjU5iO8Sm-WrIS3syCkVdDpvn1x6I1h184awhMbJNQcm0tLGaZFKM0eTraZ_LctsUfgFIPoawPBG-WW0FsgIyPNpcWao25d76FSvlhVEo%3D&rank=1&testVersionOverride=Buttercup%2C39483.0.0%2C50206.169039.1%2C50028.0.0%2C50813.0.0%2C49817.165296.0%2C51642.162844.1%2C49460.165713.0%2C51690.163220.0%2C52131.163559.0%2C52527.167088.0%2C52789.167580.0%2C53217.0.0%2C50988.158353.0&slots=&position=1&beaconIssued=&sort=RECOMMENDED&top_dp=447&top_cur=CAD&userIntent=&selectedRoomType=202158240&selectedRatePlan=392179289&searchId=fa11a743-e1a4-4c6f-ae3b-bb4368a1b64e
Tribe Amsterdam City,Amsterdam,622,10578,9.6,https://www.expedia.ca/Amsterdam-Hotels-The-Hoxton.h8482.Hotel-Information?chkin=2024-04-15&chkout=2024-04-29&x_pwa=1&rfrr=HSR&pwa_ts=1709275108210&referrerUrl=aHR0cHM6Ly93d3cuZXhwZWRpYS5jYS9Ib3RlbC1TZWFyY2g%3D&useRewards=false&rm1=a1&regionId=178229&destination=Amsterdam+%28and+vicinity%29%2C+North+Holland%2C+Netherlands&destType=MARKET&neighborhoodId=553248635976383750&latLong=52.37304%2C4.89237&sort=RECOMMENDED&top_dp=622&top_cur=CAD&userIntent=&selectedRoomType=201188421&selectedRatePlan=386098493&searchId=fa11a743-e1a4-4c6f-ae3b-bb4368a1b64e
"The Hoxton, Amsterdam",Amsterdam,544,9262,9.6,https://www.expedia.ca/Amsterdam-Hotels-Pulitzer-Amsterdam.h18813.Hotel-Information?chkin=2024-04-15&chkout=2024-04-29&x_pwa=1&rfrr=HSR&pwa_ts=1709275108161&referrerUrl=aHR0cHM6Ly93d3cuZXhwZWRpYS5jYS9Ib3RlbC1TZWFyY2g%3D&useRewards=false&rm1=a1&regionId=178229&destination=Amsterdam+%28and+vicinity%29%2C+North+Holland%2C+Netherlands&destType=MARKET&neighborhoodId=553248635976383750&latLong=52.37304%2C4.89237&sort=RECOMMENDED&top_dp=750&top_cur=CAD&userIntent=&selectedRoomType=212703269&selectedRatePlan=238115691&searchId=fa11a743-e1a4-4c6f-ae3b-bb4368a1b64e
Pulitzer Amsterdam,Amsterdam,447,7605,9.6,https://www.expedia.ca/Amsterdam-Hotels-Pulitzer-Amsterdam.h18813.Hotel-Information?chkin=2024-04-15&chkout=2024-04-29&x_pwa=1&rfrr=HSR&pwa_ts=1709275106470&referrerUrl=aHR0cHM6Ly93d3cuZXhwZWRpYS5jYS9Ib3RlbC1TZWFyY2g%3D&useRewards=false&rm1=a1&regionId=178229&destination=Amsterdam+%28and+vicinity%29%2C+North+Holland%2C+Netherlands&destType=MARKET&neighborhoodId=553248635976383750&latLong=52.37304%2C4.89237&trackingData=AAAAAQAAAAEAAAAQKSPY-TxqtolVYBQOR4Px45EQD54602qpt5CJDoaeFP9HMyEWXY_eDuFbiqG-DFTU7qNu4UKb04SzRNVm0xqMhDrvGL7isE5cZVjbQJGdOnZsKMWKvAJ0CyFLYV8gdPU8ayV3qBIdqog_WBE2V3_H9K9GAFFvFWT-lBsHY9vKUUrlYYtvBV6gMZwBkpJwlqbc6RjGLPjzscNwaZ3kQGDuOU3MULuhkIKY5pJQpoyTLWgPfzNZXYXiTErDUiuLI18d3F6HzsLuljAO-U-NLdoaEIJRP05KJnxkPk-_MqnISAcguRQ_PrkXxInW7XBLO-vT7JoQxHf7ucUQeojIR_xRB7sP_metQM2C5xVcga9NDIJcXhreYUn93v_cgFGQ7k7viscpJ83plb_IurpmuSTNHh8HNzcyR_qEENwLO-5XqwKNGjsi0gdHQMnzjA6saqgSmUx1sXRwWUGd-0atcrdZr6-BOkk9T9hdUas0-g7alXfwy1LRLezhbt2OOdmsAY2ITPAi7zaaE5eWECOXLi8KrsOJtGD8Ox-LMn-BtfWqDRazK_VID7gUjvzl6aU9kmtNerJpI8eydx7RuDtCfUqp2ptPeHq_VjJalwDaBOfcLf47DQiMmDjFPnak-1FKeN4ZZPWo6SZenq6yGLayUC0vRtZoa3_yyAGUwifen0Lrp6gzuAtwZPOHgr7r5Fw3w8NsBFy5KsjdR0GJewlV8lYbOwQ4fHF6EuJOlQIBuhI46vI1XdBVvOM9Th_emET47lswPbzyBQZuDoKgVeGstNAZZ6RmMhbcsZDN4HaK25TbcvS6ucYEGy-HggM00w0sgPynB2jNOvLp-I023vZQyse-VbKTEweyqdjgXn-yZ-AXUVuHD9v_nQs_uihMnty41BoTbowHY4CIYXnG0TPjtFgs05Th1mFknVLP9lHyL20r2pxSzB5nL4yi6rFsTr6DQT_B5Lfisne3C9F9eYTRBnGJNvfMzwJoJuTZlM6gNHNGSKzNPtmHjS9-aAofO1_bs6zW2AnpCPOu-RK0qkAwl8k3RzODxqrADC9f2P0qY97tTfgjYFRdd9BmunGxRmB23qczUT-i7eBBSC-SQNYj2ZcngOJSmaw2davcNZ0QjIeauD2wiwEMK5Av0HrsKCsa2itRWXPE7S11a44-1VKNuY_OUpJS1YUNiE8Zwp6gX4C2D5JSrJr1UKjhUcLBLaRR2mXhRA-1wHJgK-SQ96i3ojB1GRc18LS0EwCJrBYicmid-CqR7kZj1tMwCW0gJ0iwOF8h6LNUJbm3TeTuG37GP3LFsYDRDHwHEemHu7HIuI9lTAZOB7B1e3dyey4AdXdH1s-bB41UIlkhpnhyweBqZpYE985GabeUhC5tCKroHG2pcBXNYd5OwD9rTTq3ESq2VEtHI0du56Crm0q2RKQ7MJWr-0rcC4VXMEaJHFb0siIQ0fkkv8jkEnkhlk8ePiTGLovJVzFU81_pGU49BmftaVue8TzCPVoGg_x9j9ksrKenso7rhT-ycHOeDOOHfGtyRVec0P1FmDJExmzzzweZAkG_RVH9hce-yLq0rJ33K3ll8fh4Hg_iJY1fIN85DBYYf6bjV2YklLpubMhoWwP9Mnb9VjHRIhmf3OF--w5KXYrJfRtzk4T1TSidlURl4YWeypHhO0Urp0ulgNKJ0lyBfS7CpZStUO9C-MFKwSE8WM4X-8q2mwTHz82QiDSkTJvsGMxr55KtMAFLvPmnIbRUOnXy3T_KRhZoHvR-yZfWoz0Bkbmz5wyOcksBM7qmzdPivqMrnxeplmRaKUCK4mu3os4ILhT_-Oixj7xjyjuFp132UvBOZn9ylkfqnvGO9L4hIfFMRjGtzexz6vcj2ehLD9NFg35N3eIfQawUHKf0bd16RboCLKME1EeZdmWMcocmJkLOBFgA85UuFlh4RAzIpON1e2Vo_4Z7VkqTjGxzP1dxHzNyDj4Fxnr6B-2YAzlWZQpQqBcDJBsK114KvVP62Yr3nrbRnJX5ogiMk3h0-24_iCrvX6upp3a6UEdIsuljUBE3L0winoqzUlsL_imAfui4WvyM2R6t-zT3bS_aNl_631eWVAejQ8MC9OO5Wl5eiixUCZu9ZQLIPNqnOlzICbcIgk1OHQqFmJenQaYEBU2KQknQdi3y2wa3e6NdpXCNnVWg8K8ikIayBsLQ1LBV9pm5e9rmNCuw3CGlumQnz6fQj9ZIT4o3wb-Ts10dhPYv6bvUfXzEd1GxKAU4ECRjYOlHww%3D%3D&rank=2&testVersionOverride=Buttercup%2C39483.0.0%2C50206.169039.1%2C50028.0.0%2C50813.0.0%2C49817.165296.0%2C51642.162844.1%2C49460.165713.0%2C51690.163220.0%2C52131.163559.0%2C52527.167088.0%2C52789.167580.0%2C53217.0.0%2C50988.158353.0&slots=&position=2&beaconIssued=&sort=RECOMMENDED&top_dp=750&top_cur=CAD&userIntent=&selectedRoomType=212703269&selectedRatePlan=238115691&searchId=fa11a743-e1a4-4c6f-ae3b-bb4368a1b64e
Pulitzer Amsterdam,Amsterdam,447,7605,9.6,https://www.expedia.ca/Amsterdam-Hotels-Met-Hotel-Amsterdam.h46193271.Hotel-Information?chkin=2024-04-15&chkout=2024-04-29&x_pwa=1&rfrr=HSR&pwa_ts=1709275108170&referrerUrl=aHR0cHM6Ly93d3cuZXhwZWRpYS5jYS9Ib3RlbC1TZWFyY2g%3D&useRewards=false&rm1=a1&regionId=178229&destination=Amsterdam+%28and+vicinity%29%2C+North+Holland%2C+Netherlands&destType=MARKET&neighborhoodId=178336&latLong=52.37304%2C4.89237&sort=RECOMMENDED&top_dp=335&top_cur=CAD&userIntent=&selectedRoomType=230416302&selectedRatePlan=276300332&searchId=fa11a743-e1a4-4c6f-ae3b-bb4368a1b64e
Met Hotel Amsterdam,Amsterdam,386,6559,9.6,https://www.expedia.ca/Amsterdam-Hotels-Jan-Luyken-Hotel-Amsterdam.h19218.Hotel-Information?chkin=2024-04-15&chkout=2024-04-29&x_pwa=1&rfrr=HSR&pwa_ts=1709275108205&referrerUrl=aHR0cHM6Ly93d3cuZXhwZWRpYS5jYS9Ib3RlbC1TZWFyY2g%3D&useRewards=false&rm1=a1&regionId=178229&destination=Amsterdam+%28and+vicinity%29%2C+North+Holland%2C+Netherlands&destType=MARKET&neighborhoodId=6052213&latLong=52.37304%2C4.89237&sort=RECOMMENDED&top_dp=544&top_cur=CAD&userIntent=&selectedRoomType=228938&selectedRatePlan=388945631&searchId=fa11a743-e1a4-4c6f-ae3b-bb4368a1b64e
Jan Luyken Amsterdam,Amsterdam,357,6071,9.6,https://www.expedia.ca/Amsterdam-Hotels-Hotel-Freeland.h1768238.Hotel-Information?chkin=2024-04-15&chkout=2024-04-29&x_pwa=1&rfrr=HSR&pwa_ts=1709275108225&referrerUrl=aHR0cHM6Ly93d3cuZXhwZWRpYS5jYS9Ib3RlbC1TZWFyY2g%3D&useRewards=false&rm1=a1&regionId=178229&destination=Amsterdam+%28and+vicinity%29%2C+North+Holland%2C+Netherlands&destType=MARKET&neighborhoodId=553248635976381941&latLong=52.37304%2C4.89237&sort=RECOMMENDED&top_dp=386&top_cur=CAD&userIntent=&selectedRoomType=322086325&selectedRatePlan=390313423&searchId=fa11a743-e1a4-4c6f-ae3b-bb4368a1b64e
Conservatorium Hotel,Amsterdam,335,5707,9.6,https://www.expedia.ca/Amsterdam-Hotels-Conservatorium-Hotel.h4633720.Hotel-Information?chkin=2024-04-15&chkout=2024-04-29&x_pwa=1&rfrr=HSR&pwa_ts=1709275108217&referrerUrl=aHR0cHM6Ly93d3cuZXhwZWRpYS5jYS9Ib3RlbC1TZWFyY2g%3D&useRewards=false&rm1=a1&regionId=178229&destination=Amsterdam+%28and+vicinity%29%2C+North+Holland%2C+Netherlands&destType=MARKET&neighborhoodId=6052213&latLong=52.37304%2C4.89237&sort=RECOMMENDED&top_dp=1467&top_cur=CAD&userIntent=&selectedRoomType=314028926&selectedRatePlan=381194322&searchId=fa11a743-e1a4-4c6f-ae3b-bb4368a1b64e
Amsterdam Forest Hotel,Amstelveen,249,3899,9.6,https://www.expedia.ca/Amsterdam-Hotels-Amsterdam-Forest-Hotel.h12306987.Hotel-Information?chkin=2024-04-15&chkout=2024-04-29&x_pwa=1&rfrr=HSR&pwa_ts=1709275108222&referrerUrl=aHR0cHM6Ly93d3cuZXhwZWRpYS5jYS9Ib3RlbC1TZWFyY2g%3D&useRewards=false&rm1=a1&regionId=178229&destination=Amsterdam+%28and+vicinity%29%2C+North+Holland%2C+Netherlands&destType=MARKET&latLong=52.37304%2C4.89237&sort=RECOMMENDED&top_dp=249&top_cur=CAD&userIntent=&selectedRoomType=201262343&selectedRatePlan=206114608&searchId=fa11a743-e1a4-4c6f-ae3b-bb4368a1b64e
nhow Amsterdam RAI,Red Light District,3697,62891,9.4,https://www.expedia.ca/Amsterdam-Hotels-The-Hoxton-Lloyd.h90889841.Hotel-Information?chkin=2024-04-15&chkout=2024-04-29&x_pwa=1&rfrr=HSR&pwa_ts=1709275106470&referrerUrl=aHR0cHM6Ly93d3cuZXhwZWRpYS5jYS9Ib3RlbC1TZWFyY2g%3D&useRewards=false&rm1=a1&regionId=178229&destination=Amsterdam+%28and+vicinity%29%2C+North+Holland%2C+Netherlands&destType=MARKET&neighborhoodId=553248635919972524&latLong=52.37304%2C4.89237&trackingData=AAAAAQAAAAEAAAAQlyUzB0Xk-L-d3AFH7WACis_OFpJl5k5azkVT9vhd7lmbkopGrQP93zNpOySHlcq-m8fANa3EWbQcebsWVSTnZnMOZJnqUeh8lmiELvtfNf5eJtzz3gHRHRG97u7pnQ4hJrXiLDFilOcxJq6hhCNRC7g9YtL4DYsQJLI0PVRDlBkY1zEKY8B4SItSe-uS119A3zZ7xwLw-PK4tnaLEJ3VOLYIHRf2OUnwz9NlcZyDalZJ3KxYvU4z2okZoOvzqzRjJtpVAG2ACxONgwV1v7-ovw6x3wEfdz_luPhnIaGPJjqEqKkk5cqdGZcOAcRtm6t-k2HBBGLFvGA5AIOYebCC_IZ9VJav5sBaqwCTTjKmogsQoTWb5Ps4youWVDZtM8oieHshdj8xnwRy3HJMs58ipAT0NpgdOsODMcripK5dZ6_IaD9T7hklse21Mm0umJDlFEq6arA32l32XCARQXRGW37kfNiGLFYlwnvqqz17kVhaYC3_8PZklBydm-PG43DPDmrJ9KpNN-KZFG4NnwL8AKKMUKA0EgDo8Jzf40N1U7NVQ0JHSV_J5NAF2tPEbs_O_KSYEQdZfSc1BD7WqBe4LnkdhpgcDIj-sfqf48Hrti8ZE48FlvBelkbDCARc59bwN1IOK3brp9Oi5UqPJYPB19ELg-dudoMViy_a_sd_dFAmdD6lqeSFq125vo-MShvBFUMO_L6MPiSMfbiV1R950oypaYBSjEhBb_eG-0ThCTSQPbJqv45NjYU6-ifESMYifX3sIf9orYH33XSaCFyMwZL-sxtJwVBoxQpa6Wk9khqPU48AqCYEPZcKGkwuZZHmNvw1Fp_XSJSVCWSotiKp-_P3DJlyxK7Cr8iZ5dch--LVnRUrbbbixUBs78rJtoMPohLsYg572lkKpXOkCbfxUCF1eQzvs3qioCMLXC7LvwEwnfo6AAl6cwLyKWvAF9Xhs-b5xBW8aLusnioaEphZEVJyF--6Vw0ZpQHC79TTf3o6ZfaoImDvbJY-UDxKUTKVtN7QPT_ByyqvLIdf8NjdGCW8lsh0SVpuJDznCAtPG-Bkngg7ECUWi-S9ADn7HmdkMHj2AyLSnG1UGqxttilTE6Cp7RkMi8uW5-Rc_RpdbPa6lpohRUxv-jHivQESwgSQ0YrounZDO8AR969MPLi6SAQ_NqXSproHaJprFAlQSfzDQPOJ83t8DTjC3S7R5v7_7lFQ4DwpN-qMGm_ZcERXjtvzv8nxwupyRF-doXf6lKmijX1WnxEZAEUz7WGKTQUnlu4i7ddrDvf05gBMAhJjU5BaPZwYM5hEq0mGyjgiK_96UWxQ2J49lG0EKFH_dobiYrBDsObAEbaj1QTPdM60ZpvjVV11vc1bewYnwzLTqq8mAASbtJGplMwMXyko3LR6ZmuDvIGWLZMFY7z5vTqdviDcrTonDR_WGa3PAsjAF8vo4Y-ws8pA1ZGkJ623-6Vsu7OOfXU51wDQDn8NR2Gc1ehtlNNQ1afnD4OFBJAuWkSufCRVixy_zMYCreWFdrexZirTQtSmJ9mGDQLTNkurS--aw26868Ow4tUfaIy2fpLHrpFC1vJu9TQ95zKQyZV9oRiw7ioHOdPJyGRmoK0K13F53wUaDEg4oBjG72P7HVEW57VcGLADrAqqu0aIW9nsi4Aevqqes1T_HEAg4KJmHcwqOkeJ6Mc-75_9czutDWUGbCVs7rEkHm0csQpLGF5pwc4v2qDYMcBgnOAkShntS5Occ5vhvKGtspG20zPuC5qvyn4Y9lC3ah-jENtqlZZQHXtbpbxPLN2MXzib5igAAnXCpIyvCbu5mzU0mqHzAbTwueG0DQmAPboFbJMauabQ3jtCY7TGaVrWb_ASBrmEz13MNlECbI5vJazJqe1eVkAMAquJd19lRv34aSR_dyyqGefx2FvcWg14_vxgFeFP3I9ZNCKjXQkhAbmUZVoRyFGjCodvKsgDHYdcTo7084bIL6RKEbcuA6IQvAGCobQ5ZDw2-kWxndAtxgQK_kqTL6zm8xrF8PrIMrHIUlMH3uWSL26lnngnMDFIEbTnQQ0N0QRaJ5CyhOqXFOiL_fM_gTBymv_vDPopSCrKSHb7E6oDJh6zLT0W9o2Kku4NsEzE2Y0qPGQE6OeSsjiCM91Btcl5Eq5MHwBTBwp9OZBhCPo-9Y2A-BIY77U1nl2MuQCJ5r-qgBb40TzK-k5Op2wuUsekKn5EEYzUtmqUGjJlfrrcqn_-A49XZPAv0gRzcfefiMkJKe9ZLUrti-zjUWlsuPM%3D&rank=3&testVersionOverride=Buttercup%2C39483.0.0%2C50206.169039.1%2C50028.0.0%2C50813.0.0%2C49817.165296.0%2C51642.162844.1%2C49460.165713.0%2C51690.163220.0%2C52131.163559.0%2C52527.167088.0%2C52789.167580.0%2C53217.0.0%2C50988.158353.0&slots=&position=3&beaconIssued=&sort=RECOMMENDED&top_dp=377&top_cur=CAD&userIntent=&selectedRoomType=322032231&selectedRatePlan=390635611&searchId=fa11a743-e1a4-4c6f-ae3b-bb4368a1b64e
"The Hoxton, Lloyd Amsterdam",Red Light District,3697,62891,9.4,https://www.expedia.ca/Amsterdam-Hotels-Nhow-Amsterdam-RAI.h37928040.Hotel-Information?chkin=2024-04-15&chkout=2024-04-29&x_pwa=1&rfrr=HSR&pwa_ts=1709275108200&referrerUrl=aHR0cHM6Ly93d3cuZXhwZWRpYS5jYS9Ib3RlbC1TZWFyY2g%3D&useRewards=false&rm1=a1&regionId=178229&destination=Amsterdam+%28and+vicinity%29%2C+North+Holland%2C+Netherlands&destType=MARKET&neighborhoodId=553248635976381551&latLong=52.37304%2C4.89237&sort=RECOMMENDED&top_dp=442&top_cur=CAD&userIntent=&selectedRoomType=214543980&selectedRatePlan=250227694&searchId=fa11a743-e1a4-4c6f-ae3b-bb4368a1b64e
"Kimpton De Witt Amsterdam, an IHG Hotel",Amsterdam,1367,23252,9.4,https://www.expedia.ca/Amsterdam-Hotels-Kimpton-De-Witt-Amsterdam.h2603.Hotel-Information?chkin=2024-04-15&chkout=2024-04-29&x_pwa=1&rfrr=HSR&pwa_ts=1709275108220&referrerUrl=aHR0cHM6Ly93d3cuZXhwZWRpYS5jYS9Ib3RlbC1TZWFyY2g%3D&useRewards=false&rm1=a1&regionId=178229&destination=Amsterdam+%28and+vicinity%29%2C+North+Holland%2C+Netherlands&destType=MARKET&neighborhoodId=553248635976381960&latLong=52.37304%2C4.89237&sort=RECOMMENDED&top_dp=725&top_cur=CAD&userIntent=&selectedRoomType=394146&selectedRatePlan=386265406&searchId=fa11a743-e1a4-4c6f-ae3b-bb4368a1b64e
"Kimpton De Witt Amsterdam, an IHG Hotel",Amsterdam,725,12334,9.4,https://www.expedia.ca/Amsterdam-Hotels-Kimpton-De-Witt-Amsterdam.h2603.Hotel-Information?chkin=2024-04-15&chkout=2024-04-29&x_pwa=1&rfrr=HSR&pwa_ts=1709275108169&referrerUrl=aHR0cHM6Ly93d3cuZXhwZWRpYS5jYS9Ib3RlbC1TZWFyY2g%3D&useRewards=false&rm1=a1&regionId=178229&destination=Amsterdam+%28and+vicinity%29%2C+North+Holland%2C+Netherlands&destType=MARKET&neighborhoodId=553248635976381960&latLong=52.37304%2C4.89237&trackingData=AAAAAQAAAAEAAAAQmvbFKSF1KYgRwzROxFS3mUbrwHO3EgHCz7DgfQDN1LXMCI6XJzAm3z4an5STI2Q7cHNFBvqOLpNAs7W92VVmNSoaSk29kE0zhMSJ9veVBpDsPGqcCeH6vARY5_Gb0GjXcFj6nEH6ilRCNZzeWpPz7xcXHNO5yz9czYFdQ8SrHPlYk3M_WOZy3b-JJ25W4M3Z-fxJ0XFNYLSyNSMS2ZppPmwx20IZ_tmk6AnD6HhWyMDeuWCdzzIwGz5hj0J9ze-6GePlwEvKDRIkyf3RrkJevxj5ruAsTV3LfzzoOV6WikEfptuoaksMuaaacWw6Y_iDTJsAnzeFWH-bjy3Vh2-_CtY_VEfndXjPLY0wRlmwct9cvwigM1nyOnoGHCNwYBfSnu_9ZIA5RdVhrU5uWDA1F0ecmKBtknvDjJzFR-opExHB5tDxMWF2qv5X0e67kLVX8WogSSWpgSoGy53INHF3auqUMMuowEYvGl-NaBSEwEv3V2EfxGrF383H4Ml4pJLgonDt2CTq7-freQWGpUou2SFtNtX4vLEKIYgrnmQdjOD1fyImv7irKAiwNM2e_fTbe3kcgLkUnChG-Dh5rnsLW8amubFjKCXqEKKJCJj92pL16_GexUq_NeNHCZJaLUDjYcV4lwA2y_X7G8mwPvPqfEHwnLRTvOls3NfFt2Z-FNng904hRr41Fg9I0VEud9Ao8t4uWQ11Dd9sh-9nltn2XFwWtMBH_97Bw0-OH473lXtYBi_mPsuqj9OfjCfd9JyLEeXZmhSRDP1g1JokUD3VBlGEpMTOLrkaJoQq4m34LNAIvJ12ReRf0T5zyKWW61q0jI7L8XwRGBIJyww1CqeKORC33SwMEHUU9hwdPRqQ-4tUu5Mj5b5YBskElt5ugkVB1dB-clpBEQxoqCkJdUT_58nY8tipkFVqYh_vF4Q6RsxIhvlkLAfXJOLsBmnRBAcXi5MFbwjgEH3DYuZZWGGSI7TUVFlnDD1-2xce-IDO06gLVogt1KAAMvkE_fmDYuaRhoJ8PNX0owgCFusOJC4XCSUi6yNS6GeNfkmcvh8lRwPy4-tVln0hK1jt74c6qe7PeDxZ-Yrx6pk_8ESuHJPA-TVAu6LGCSt0wuIQQ1WXUrsxmwifv21LRJ12dnoTAQrv2du9lG4-fm55dXsoBmR8ePIwG2_Qd9USNSTkh8cCenzd07NlPg2cHFxisBOm6Xrhax2ekLCwob56ZWhoQRlWPbO0NQ9EFiFNOCuS8QsgE6mwPtap8N5CVnBkvBOwhA36WKpaekNRIXdqneaUsUeG4kopn3Clkukis6OSDxQEx9n2i1ednmVVXJiDNDN4mK6zY3eXZPCM96UO_fDv9FQAlr9whwhOHNk9eCazTQMrI5M3lLh4tHapZvRGpAhhEB-j4xhIhMXNAuEOV5HVzgTU7wTy2neA-_LUTjbh9NqkbFk6i6rSszyLQxm3GzOVkjUq3wb_YxojEYyKwdyKyzuZ6QogryIAgS3R5dpLt0lc1GFWwepoxBZxIgsnSasG8RwJQAPgnH7xgj1XWmEtdxGIldLZ5DlGqbpx1jTXpehI78cRBogVUyH3WmpMlIr8RlBgQ6RynFV2HBBGxls60Bsn0pSB_nsHeJkTx9G2c2mdIbOqTNLk-3KZm7RQLMOMob8jRQ-RyIemzrzSfiexuniZxotllsQ-PDhl_4vkZ1o8ehJcQJ8aKOT9ZthP22PCnOF8l6ELXocUZhcwO4JLdhJUhx6QLqGmEpAR-sc_wvMy-KyutpkwM7zYe_YABjLLEn6zoVns8VdSKtkMDDfHbj0_4_jNWdaoDNyDmh2hdFn65lIKubIK19FzTnNb0hd-3mVALSPWg4LwSneS4GqCtyWG9ppV_i21ZzL_qCjJ_sbAS10uAi7teKKTSLMiD2xnH2fVwjHKlFuc06iKwNm9CDoeeQGodHJ93W1Zyl4pxxtmcGsP_Ofxh7wrBS8dQhIg6w71au-sXxJNFhr57ymad8ir7I3PVr9E3y2gek1FO6vGEbWfewU15zzIfN7CEr5AdKm_UhPITPBLa5jrRByawV3VXe350zFVL87ZjSA3iIFNLFBbc2n5a-MhbXrkP2wseeEpax0wcZXf-ioL_nYgDoSY7aeu6zxs54FC1I1VFXtZ4yOXe0gkTIjejwYRN79345mOy6viMwRtn7MquUQnqG56CpVvKGdok8aZSl3boeZ1HV6MFHiH5IutlsH4BmDAKhWhARDsmUJ7tLDpz0ukAE3adQ%3D%3D&rank=6&testVersionOverride=Buttercup%2C39483.0.0%2C50206.169039.1%2C50028.0.0%2C50813.0.0%2C49817.165296.0%2C51642.162844.1%2C49460.165713.0%2C51690.163220.0%2C52131.163559.0%2C52527.167088.0%2C52789.167580.0%2C53217.0.0%2C50988.158353.0&slots=&position=30&beaconIssued=&sort=RECOMMENDED&top_dp=725&top_cur=CAD&userIntent=&selectedRoomType=394146&selectedRatePlan=386265406&searchId=fa11a743-e1a4-4c6f-ae3b-bb4368a1b64e
"InterContinental Amstel Amsterdam, an IHG Hotel",Amsterdam,725,12334,9.4,https://www.expedia.ca/Amsterdam-Hotels-InterContinental-Amstel-Amsterdam.h24514.Hotel-Information?chkin=2024-04-15&chkout=2024-04-29&x_pwa=1&rfrr=HSR&pwa_ts=1709275108171&referrerUrl=aHR0cHM6Ly93d3cuZXhwZWRpYS5jYS9Ib3RlbC1TZWFyY2g%3D&useRewards=false&rm1=a1&regionId=178229&destination=Amsterdam+%28and+vicinity%29%2C+North+Holland%2C+Netherlands&destType=MARKET&neighborhoodId=697989100222697472&latLong=52.37304%2C4.89237&trackingData=AAAAAQAAAAEAAAAQleQJQfdomZDIwM7UozY6UFvilYu48XuYNJgVTfBflHhuSaqPLsWJJkadghPIQhQDL8fCl8ADq_m_KSOTt0LelRIkEe-Nk9LxAjZoo57SCyRH4snMdAWzL72Udse2GQwH6NEMsErAdWMYA7BVAI7krwEtbvfoHYiZu514jLMAqqCzfndYWRv_HxlP_HWmtUV2rkmKVQvtfndlvF7fofEM0UUMLX_aVdsmaaUA4Kgs0cdLvqShTIm7oqXT52Z6IJVO1kQWinKkyv7FOz-3ERQql8vvqBBiks5L-tUTu9KvVlngd5FwLyrvyXGBwuzL29_uU8CRx3M4MrDyYr9e4A-ecZO_2g7sVKIdodDfbz6BUwyb59AZN067gaM4ODDw_O4SvS3lec3S92zQ1YYZZbmka4_b2VVU6QcrCtVvOJiXgS3zEsro7dNDiMVfpeZ0lsN34FAZoCFTA0PFdf0X58lJ0zmGMWaSeVxLJV1mXYqofLx0X42t12WHWfwHVfAc43hahaWZrJPH_CB6QFC0CVhDeI6HfOUOCXXwvti_Ef_UwSGamRRAVnD989LJP5Yzg6Mi4NmU5xjLMZpZtbCIpZLv6-pP7-83E5ACulcrQXnmfrE7Cri4q-LfO_Ei7IulEVhUkaD-urEFeYMm6zxlaz4Cy4-VTOwOCEGgwzdRiSW3m0QmZVOf-hPIR9o4aOkxS5lgt5dUAcYEBYgnsyw1ffSreVQeaYoPaN5f5qNE8byn0r2fWDfdy89tnQ3Zty904GEJr4VaBIvrfPSwwmhW-8PFSadYOMxGg5bw0hiJUYN1anvCq6ZcdXfeHSqbVSF6XiMRiYqMZMqMhT7iPuzjs745Tqr9d5c55gCPPt48rW5FbIOG_fB1RWl_h-_nrL77lvvy5L2MnSmXYCg5z8ldclx5-cUZMPQFdcOmrp7q5KzkV_ms5Qd-5jGXHo5SPSpK7wsg5H_JerT3KTm1TF5D9eVufUiiclBTvVcF-gmBAwKNtqmVXWTXP_qNslAUgAmoy6UH_DGC-1ZhQewknPM1mANwOcA9D6Bre-JbMjB22yuAfEFyLMV23wSczJCaw_Uj2WX4clL1heRJxCx7Wn8NYdMH2rVq0c0R6u4QJG12EJzB7qR0eQZOkJpJmRrQgMn7CkroFLxwa6LQrR3S7iIRFSEP6sg_fTA3X_qVUr7bm0k0VmO9nAB0NjrXZZHR0A-LXpu0Uiqqsd4BIq_ncAgivyR8rlJD9nh9TIw6o09JT75l2pTwY9maV38TGluLFibwLONVLPnUth0KYS6IO-rwm1A2ZK3DnSYp-GIHMPq2j4P8lrfrpVQeYPGBfKgmyVKgaIoCUsRM3b2AwZRXg2AWbLFNvdHxyMngAPqNVVA4C-YJCvQEAaoLVoFTh8ec9sL7AkuJ_F5_XGEqSwccGayVRu0aUuPchl9UkeqcwFZHQe1pIRiQkcuW7vkvPaDP3rs4HRqUgPol_KD5yYv1Id9e3WbQ6YvfbudGBeh57wjdS2gKBtdYM1HcB6jnQr70QwcZfU1iDf0i3irYw7JBddCDtjwO3E_0Rh03xMwO6oLhCVU5vqPxnr6bgKj8TE_BXBmtgHCo9JtExBt4L_C4TyHdcdw3tmT6Dqe0AIaWxd3ydD2H0mHKdQKEceJzbML_-vG57dlxPisGIq2G1mEwbngAHU2rMicgsuAU2AiRxFpwY9FqoTSYqCIYYE6ASWyJILa3cUwWzK3UDYVIRx4EJ__j6QPx_2EJ-_T-nH7xKZDIF3hVG4lHNNeW3bFqlm7MIKOSrrgFG-PkN3gIVEtzDkGOsn-ZvbKMEcaj8W0XScljiLl7UXzLevstEKXTWwbJCgt2bnkcWZ9G_bk5SDpAsjZY4jiesI9pAsZsMbUAO794kgdx8M9yXdK18TE5aGRzyTaQjsEQdY_kLCOkQc_e1dGTDHTnNUy293ZbgovKIPOdOZqhcOaWjfTwz_7jgLquWlnpZrN4BDk6syPcTvHYbERu-3hIr7BwCf_qKf1yTpo-aw0H-f-j7GxtdC_lK_GXLA5jNyx5wMVuaAzw0Xlwp04G_meISAp9SNJ61JUvFtfp6eVa7XHjx89I7C6amOY2_w3VgENlO73S7ZKWdB1ObHuTzw_MGkZK_iUeKdif9UH8_W-jD0JJCWDlvJ6XyHJ5j1FFDLsv7rSlhQujCNXFKlVEUOS-DdwoL0TK7r8cu_-2HinBVKFc4rSdOPQuPzs7VoUFR1uDnOn0TJDjDT5qgvYurDHG-ja8yvmhfS4YcXmcI6egQkw%3D&rank=7&testVersionOverride=Buttercup%2C39483.0.0%2C50206.169039.1%2C50028.0.0%2C50813.0.0%2C49817.165296.0%2C51642.162844.1%2C49460.165713.0%2C51690.163220.0%2C52131.163559.0%2C52527.167088.0%2C52789.167580.0%2C53217.0.0%2C50988.158353.0&slots=&position=31&beaconIssued=&sort=RECOMMENDED&top_dp=1367&top_cur=CAD&userIntent=&selectedRoomType=441363&selectedRatePlan=380847920&searchId=fa11a743-e1a4-4c6f-ae3b-bb4368a1b64e
Hotel New Kit,Amsterdam,442,7511,9.4,https://www.expedia.ca/Amsterdam-Hotels-Hotel-New-Kit.h31560514.Hotel-Information?chkin=2024-04-15&chkout=2024-04-29&x_pwa=1&rfrr=HSR&pwa_ts=1709275108220&referrerUrl=aHR0cHM6Ly93d3cuZXhwZWRpYS5jYS9Ib3RlbC1TZWFyY2g%3D&useRewards=false&rm1=a1&regionId=178229&destination=Amsterdam+%28and+vicinity%29%2C+North+Holland%2C+Netherlands&destType=MARKET&neighborhoodId=178345&latLong=52.37304%2C4.89237&sort=RECOMMENDED&top_dp=296&top_cur=CAD&userIntent=&selectedRoomType=220230897&selectedRatePlan=288125242&searchId=fa11a743-e1a4-4c6f-ae3b-bb4368a1b64e
De L'Europe Amsterdam,Amsterdam,377,6421,9.4,https://www.expedia.ca/Amsterdam-Hotels-De-LEurope-Amsterdam.h23348.Hotel-Information?chkin=2024-04-15&chkout=2024-04-29&x_pwa=1&rfrr=HSR&pwa_ts=1709275108186&referrerUrl=aHR0cHM6Ly93d3cuZXhwZWRpYS5jYS9Ib3RlbC1TZWFyY2g%3D&useRewards=false&rm1=a1&regionId=178229&destination=Amsterdam+%28and+vicinity%29%2C+North+Holland%2C+Netherlands&destType=MARKET&neighborhoodId=503532&latLong=52.37304%2C4.89237&trackingData=AAAAAQAAAAEAAAAQkV3q4VDwA3ZH4g0enbG0PbbajwdZ644tM6TEJ-PhTzzCuHPweJWFjviNuaOv3J94LDr-XsTVC2SCj0HfLYVFGeMYuCoiMblR67ZRxS3_GbS1TyJNR8p1dx4DeMcWteeIWzFwTF3Bp7ko-9hXsnX8LcbPWUzIOpxDyeEXa21mYkd7xSlw2fpui9jm0s6srbUE1xGX5Sk-rSXP2tNpiBU8QLQ65tXHcviyY4V-E6NgjgrTryPm9NJzV2kdHAWLLSpZUG4VUDvvUPYmvo-f1s-0ck4S5rkKNG5beSWBmZFXBDVw_4kQ4O3ZqCbZ7g4NkAaovnjXNK6Yv-_qS1oVX9_2bc6o5u6bBSr31NzuXXSAzp1AMgpF22naEkFiG1L1U3VtjSmYotgSAoa9IPH9ObmO3iSEifeW3WIfn7ZpH_aUBqX9hyif7IHXWTxpiAXPlxwrVY2ppEAUfjUglwxpSZk7QVhMcv1B5kr0EVxczDfv8mp5vbrtfsFaFwL8JLymfPztjLkkP9Dywa4Bl9NALWEaQpxTltx-10gULz5qQku7PHaKifEZWBzoXvTPpQ6-3thFKxLPsBPjaWTwmuUmH_GAQvX6f8jvioUtyOD9EGJE5CC_okU0hLmzxM-MO1MhfKKRlnHC5a5t3Jo1UjZl5fAyBkxwkiy2JhzjrFEFPHF5rXM9A8wufEA09ZoBZnYHRT9eOICsVV32AoZ2Q-42xIATdPVU6Lo1_j6m4zpTEOXBjJSEbtvMuHXgPVojMGdFJ5hx1tT-NYeXrNI8HwMttPNBp8Rskp0uIR_QJ-4AKVhHw-ATyCLz1y7VAG_ds8KY601xvfgTP-qx34bRlkCa7-iF3-KAaD505bGPWgHVS_eskt7qLpUNHU50tHeGtHfiG_palLbGqRgexKnmBWvVEM2wjwm6C_luQILsJAZnn2TX7oAocdlsSOnpTxdprRaef2rFXBPmHd2J3ceUY9pbT635bysZNVlmKuTo0FZa3cjf-qaAdC9E3_FtvMtHn2PBPiAfrtkdQlRn7H0cu2oGdLCXYan4wdRLJED6ccX29nFYp4lcF2GZxNGs7S6XZt86Qqf7ajrplmiaqjg5QeBieQ-2byhfgjfQDUfuSoRhDphgMQa1ZDglOy6aMcyt0OKZfz6KqgLL5n0T1ElxfQafP_8fqQhCEHse6maY2HGGK-uTYUDEx100_P8so0-Vd7IuHXbntmdzrniZAdXrQYtIiUtQ6XRJ6orhjPrPg7i_5p-mHq8MnYJQBJVNstnXXhgWGPKJmIhJ4GjNR4hEGwnvbcJkxDPF8afI3VOgKddbUIOvWbNrP8XIvhZK0cpZc8_lExQENKSbg3JXGi31EW2YCEur7YlNnpogGmCA1CPZZ4Bo_uOmxy-QgUHsVzPB_n2wsMUtEwaro_5qoSk9HgODLixbLu7CFtP7M7MYs59YiNph7wu37MbaPGf0jIV8-14SOrR3-80NoJmyoiMWUyOgFDDVsHsXWa0ZPvf3Qy-nxkxiCgQ8osvdJBGlwn7ddn2xD9KJ5kIpHVNIyV-QU94ReGSiBOBbgs4KyFtc_-Z17cZZAQ3D3_umxKKbWsk5gpb6GbSTdm4CZQbwvGJWg580RRY_u0YiBopb1Zmer8N_QIZv9FOVc5yEUMrZVoFB2mK51BlWr_fB7VHUXXwrmV_fgazJDpkcyC4M6hX8RocbAu0KdE9RfxDjMsDrvy-E-LgnGSaBdq_LogEG5pZWMw_jFCbJje8vu-Vr5zSraD5w3NiW7QxLdSRIitpmEA2Kp1-M5P1dMTjQC1HhASuhOVkYVCAb8m74Nk5pLXhYJ4t8KpuzS7AlnNECbx0WKa8IZ9d-TTmUqebEe482uYc0q-YOVsueHKgRAYr0KU38h2awW8tc90RJGgHpolk6eDuiUdrkwZUx4SuP9_u1Hr1w1Nr0DP7nd3rdzGoJqHpD-VL3CHb50I7VoRYqzt3j7qbRNGv4iC78S_M-tHF4ndhPFtSzpijFDVcsSXIWAc-neUJD8lOcirA4rcEUNzSplABrRzIGZjxVXVFCaMOSy9rjR0XkfTqVosida6L-avEcpq3O1XaEeezMWlZ-JesOPnzHo-S4vByZfhBnrNzcbB7nNCCrqCpm5ENtJ7Ya5QOZE06pGrKhpFvcABccB4byvVAyfNDtSI8wil-b1m6gHoEWgsVcIgFq81zRvDrKnEF8-y0R1npiiwXfPITy5aB49vcT6SojfSYJnSXpjsEai6RNYQElYjXLbg%3D%3D&rank=9&testVersionOverride=Buttercup%2C39483.0.0%2C50206.169039.1%2C50028.0.0%2C50813.0.0%2C49817.165296.0%2C51642.162844.1%2C49460.165713.0%2C51690.163220.0%2C52131.163559.0%2C52527.167088.0%2C52789.167580.0%2C53217.0.0%2C50988.158353.0&slots=&position=50&beaconIssued=&sort=RECOMMENDED&top_dp=3697&top_cur=CAD&userIntent=&selectedRoomType=202046673&selectedRatePlan=210636438&searchId=fa11a743-e1a4-4c6f-ae3b-bb4368a1b64e
De L'Europe Amsterdam,Amsterdam,296,5043,9.4,https://www.expedia.ca/Amsterdam-Hotels-De-LEurope-Amsterdam.h23348.Hotel-Information?chkin=2024-04-15&chkout=2024-04-29&x_pwa=1&rfrr=HSR&pwa_ts=1709275108177&referrerUrl=aHR0cHM6Ly93d3cuZXhwZWRpYS5jYS9Ib3RlbC1TZWFyY2g%3D&useRewards=false&rm1=a1&regionId=178229&destination=Amsterdam+%28and+vicinity%29%2C+North+Holland%2C+Netherlands&destType=MARKET&neighborhoodId=503532&latLong=52.37304%2C4.89237&sort=RECOMMENDED&top_dp=3697&top_cur=CAD&userIntent=&selectedRoomType=202046673&selectedRatePlan=210636438&searchId=fa11a743-e1a4-4c6f-ae3b-bb4368a1b64e
citizenM Amsterdam South,Zaandam,666,11332,9.2,https://www.expedia.ca/Amsterdam-Hotels-Zaan-Hotel-Amsterdam-Zaandam.h26887424.Hotel-Information?chkin=2024-04-15&chkout=2024-04-29&x_pwa=1&rfrr=HSR&pwa_ts=1709275108198&referrerUrl=aHR0cHM6Ly93d3cuZXhwZWRpYS5jYS9Ib3RlbC1TZWFyY2g%3D&useRewards=false&rm1=a1&regionId=178229&destination=Amsterdam+%28and+vicinity%29%2C+North+Holland%2C+Netherlands&destType=MARKET&latLong=52.37304%2C4.89237&sort=RECOMMENDED&top_dp=273&top_cur=CAD&userIntent=&selectedRoomType=215412059&selectedRatePlan=256053431&searchId=fa11a743-e1a4-4c6f-ae3b-bb4368a1b64e
citizenM Amsterdam South,Amsterdam East,339,5775,9.2,https://www.expedia.ca/Amsterdam-Hotels-Van-Der-Valk-Hotel-Amsterdam-Amstel.h26955255.Hotel-Information?chkin=2024-04-15&chkout=2024-04-29&x_pwa=1&rfrr=HSR&pwa_ts=1709275108190&referrerUrl=aHR0cHM6Ly93d3cuZXhwZWRpYS5jYS9Ib3RlbC1TZWFyY2g%3D&useRewards=false&rm1=a1&regionId=178229&destination=Amsterdam+%28and+vicinity%29%2C+North+Holland%2C+Netherlands&destType=MARKET&neighborhoodId=6214989&latLong=52.37304%2C4.89237&sort=RECOMMENDED&top_dp=309&top_cur=CAD&userIntent=&selectedRoomType=216312987&selectedRatePlan=262045612&searchId=fa11a743-e1a4-4c6f-ae3b-bb4368a1b64e
art'otel Amsterdam powered by Radisson Hotels,Amsterdam,320,5441,9.2,https://www.expedia.ca/Amsterdam-Hotels-Ruby-Emma-Hotel-Amsterdam.h15927643.Hotel-Information?chkin=2024-04-15&chkout=2024-04-29&x_pwa=1&rfrr=HSR&pwa_ts=1709275108152&referrerUrl=aHR0cHM6Ly93d3cuZXhwZWRpYS5jYS9Ib3RlbC1TZWFyY2g%3D&useRewards=false&rm1=a1&regionId=178229&destination=Amsterdam+%28and+vicinity%29%2C+North+Holland%2C+Netherlands&destType=MARKET&neighborhoodId=553248633981694272&latLong=52.37304%2C4.89237&sort=RECOMMENDED&top_dp=339&top_cur=CAD&userIntent=&selectedRoomType=316529799&selectedRatePlan=386220750&searchId=fa11a743-e1a4-4c6f-ae3b-bb4368a1b64e
Zaan Hotel Amsterdam - Zaandam,Amsterdam,320,5441,9.2,https://www.expedia.ca/Amsterdam-Hotels-Huygens-Place.h66005.Hotel-Information?chkin=2024-04-15&chkout=2024-04-29&x_pwa=1&rfrr=HSR&pwa_ts=1709275108178&referrerUrl=aHR0cHM6Ly93d3cuZXhwZWRpYS5jYS9Ib3RlbC1TZWFyY2g%3D&useRewards=false&rm1=a1&regionId=178229&destination=Amsterdam+%28and+vicinity%29%2C+North+Holland%2C+Netherlands&destType=MARKET&neighborhoodId=553248635976383608&latLong=52.37304%2C4.89237&sort=RECOMMENDED&top_dp=316&top_cur=CAD&userIntent=&selectedRoomType=48584&selectedRatePlan=201996084&searchId=fa11a743-e1a4-4c6f-ae3b-bb4368a1b64e
Van der Valk Amsterdam Amstel,Amsterdam,319,5428,9.2,https://www.expedia.ca/Amsterdam-Hotels-Conscious-Hotel-The-Tire-Station.h16613255.Hotel-Information?chkin=2024-04-15&chkout=2024-04-29&x_pwa=1&rfrr=HSR&pwa_ts=1709275108181&referrerUrl=aHR0cHM6Ly93d3cuZXhwZWRpYS5jYS9Ib3RlbC1TZWFyY2g%3D&useRewards=false&rm1=a1&regionId=178229&destination=Amsterdam+%28and+vicinity%29%2C+North+Holland%2C+Netherlands&destType=MARKET&neighborhoodId=553248635976382237&latLong=52.37304%2C4.89237&sort=RECOMMENDED&top_dp=319&top_cur=CAD&userIntent=&selectedRoomType=201768330&selectedRatePlan=208836379&searchId=fa11a743-e1a4-4c6f-ae3b-bb4368a1b64e
Ruby Emma Hotel Amsterdam,Amsterdam,316,5384,9.2,https://www.expedia.ca/Amsterdam-Hotels-CityHub-Amsterdam.h13150381.Hotel-Information?chkin=2024-04-15&chkout=2024-04-29&x_pwa=1&rfrr=HSR&pwa_ts=1709275108182&referrerUrl=aHR0cHM6Ly93d3cuZXhwZWRpYS5jYS9Ib3RlbC1TZWFyY2g%3D&useRewards=false&rm1=a1&regionId=178229&destination=Amsterdam+%28and+vicinity%29%2C+North+Holland%2C+Netherlands&destType=MARKET&neighborhoodId=553248635976381977&latLong=52.37304%2C4.89237&sort=RECOMMENDED&top_dp=239&top_cur=CAD&userIntent=&selectedRoomType=201380561&selectedRatePlan=206810787&searchId=fa11a743-e1a4-4c6f-ae3b-bb4368a1b64e
Huygens Place,Amsterdam,309,5264,9.2,https://www.expedia.ca/Amsterdam-Hotels-CitizenM-Hotel-Amsterdam-South.h2512874.Hotel-Information?chkin=2024-04-15&chkout=2024-04-29&x_pwa=1&rfrr=HSR&pwa_ts=1709275108186&referrerUrl=aHR0cHM6Ly93d3cuZXhwZWRpYS5jYS9Ib3RlbC1TZWFyY2g%3D&useRewards=false&rm1=a1&regionId=178229&destination=Amsterdam+%28and+vicinity%29%2C+North+Holland%2C+Netherlands&destType=MARKET&neighborhoodId=553248635976381517&latLong=52.37304%2C4.89237&trackingData=AAAAAQAAAAEAAAAQ22VwTSFISy8MS3fpR5fHjxxPWhlCwLXcMYbIGzL-DF9yAjQgnUV955NextgX_OxILI7KpTn8KWZ0s2bVi4iYdvaZ2sFnMXKbePdvAVx7Gnm1XKihANai5JxqoiaMKJ05splT4NjMgnA2TAUv4mVHs2XkPAikKtMVo02CrEgIPi-69nOLKnNDryNy48j26d2aq03s-5A74E190wIyo9oGNp6_MDXkRdPgZXpyEq_tpzZZBihZvTihKq6sv6Egw2OJt0ZFLljBlCBynD1P94kJCb7ahTbJDiDYeUHR7HXoesBnk2v1StsaUibH3XR1H9VeC6I_LAhAlqiiMKxse6F3Ai55wSeqWBtUEUV1OKf_ZxOKI5EswivarjZjUFWvOk83i993OQatr0-tPt5FeHcOFId1TzNFDZ5Ak5iH-FGEXuKL9W984O-kVhgipvdFfJdtxYWBNYALsZ9Qhj3YPqBMV-QNTqrUnwcd_jwYomBpTkfW84T55jf6JqRne2SC1lh2b6-eSmBoXWj--B1ojpXCoBELZrnnlgZ1WOyZvHziUtfLPdiKGmVjmb7SNfjLjFUCbOOqGxjPdC2gsnfJcSfDSIMRp8Hia-eZctQqZwMe5G2iHaRJS91Rnd8rbsvQgPGZGwv5lTFE6oRdiCX--E-DXgD4jFmKrX7jcw-O10hRHGNo0Zf5FtXmtDJeJFxiMgxyxv-18S2p4OxE9XjoNj1zrKUKvEh2pAYKVlUmYA2p1-8-3KsziQRb3hAzQgmcAA_AKqZd0q6i8DLvGdzpoQhjBe8hF58bvySRd2LHJmzQNLSUI_m7quDB6Lup_LifAE2oVoycin6j3U3OnIqaRc8chDZBs3tt7zX47Gc8QvzokdWeg9H-K3R-dBG3pITFhIi3v-P8tor5EXjszIfruyo_HX0x3cw4kzX1NPrEkM3MV-DcIJIU7uIvLLwS4g4XB1Nz1xkcbWAYLWSSjFI4JMuruvxVR85dV-WHj8saP5I4FmznfosEWXn4TMlNf-Nf0WOcFsIwQJY2mGsIWSaKC4PL5qxNv8mDP1NeFgiAMiGhRA6w7sSuOh840eHiWzzGi_geMXu-YmQSrt9MfkDqPBdgQ3L_tFzlGMJi2kdLfKr35622RmBJQJqhk-lacDpmWueFYP2GL4pffwJ7WQ7NzsfsDKV0KDdKUVVmg6hyuwRkgfny-tcBzN4tvREswT_hswasGY66ouYk2gT8FT5AsUS-6ekFRHYwJb9pJEMg6aLn-NEnWyww0Tz68o95MBT3hRG-bm-TSJtiPNasvUHJTqDAd9fnBTeOblqmh5DYNww4bXTLMFKafs-kr1wN17hhY85I8jUHYNNd3ktZtn9kRR4nSBVRM00l-cA2iK9PG_7D4guSNx0PBmFFvmV_e37Pxjz--3maj4DOQlKx64Wr3lmDgD58dD1iFikfjmakSEkVFfKVZnhAuTBc0tjl8zJvyg6nwTYFFOuVtP2kld1TT9C_h5qPQUtm15mzkCQf2OPsd95ct64TNSBg1kOSWqutbqmD5QQ1MMvZ2lgrFEXnoD1Gxb2eZ4AoINXWrBLhziANzF3G4bh-gzWAN25q16Ud0l4xDkHUelGgbArDLrIw3gHbcgL7O2nGk85lPrWc-2Hi_6RC06GLKChytB_43rVVbx20D-Vy-atfaKP58pRoAfyHeut3YDF8q2H-DTuEmmiGEHVNH1jFmg3ovm5Vn8dMCbJ-lp6DjAshNzfw1YqyWpLQyjzs_krKauwzBd5Sf3EcUtDa9MmkqQWzUfBitoVwC-LExwACAw9pVRE5JcwTWTXkw5i1O6_PmzoUR3c9DtUiV28lg7UjpXMb2hX1NlAh48NOZF0R4NIGFFbYCJRg36ztyVuJc_hgx5klmQ2b4Oyj20rDpSCVkGX-QEVvBFdhjwA1EffiiA6R0lC2yPPY5_Om8oBpV3BdbjKzwVLBME8mgwoLK6oWRZULSqJOfvhEgenXRvb2WipAbaJ-94P0Ugq9JJOx04SPdrLdKMsfdtngaExYODQrGuVx6x_hTmf5Ondq4CjtVfEfgxlptw8nhWMSXU7sQdBAvXz8UF35wauo3PaLkFvvE_o-IIMveGuthXgARoFYHC4-bL7sYIV9hOHAoBEuYjnH5DPANtEdHtSdaX5gfJ9RAVfO8sTwqdSFmH_7YgkuaeYyLotQGsMTj4fMRzwiyXbCyaWNTHkJY3iqwmUxBKpEr3E8mgrepzCd5fnYpwjBpcI1uxfo9HCrqYmnifZOxZ1s_ctMDXAii0dat1w%3D&rank=8&testVersionOverride=Buttercup%2C39483.0.0%2C50206.169039.1%2C50028.0.0%2C50813.0.0%2C49817.165296.0%2C51642.162844.1%2C49460.165713.0%2C51690.163220.0%2C52131.163559.0%2C52527.167088.0%2C52789.167580.0%2C53217.0.0%2C50988.158353.0&slots=&position=49&beaconIssued=&sort=RECOMMENDED&top_dp=320&top_cur=CAD&userIntent=&selectedRoomType=200711417&selectedRatePlan=382270336&searchId=fa11a743-e1a4-4c6f-ae3b-bb4368a1b64e
Conscious Hotel The Tire Station,Amsterdam,273,4328,9.2,https://www.expedia.ca/Amsterdam-Hotels-CitizenM-Hotel-Amsterdam-South.h2512874.Hotel-Information?chkin=2024-04-15&chkout=2024-04-29&x_pwa=1&rfrr=HSR&pwa_ts=1709275108164&referrerUrl=aHR0cHM6Ly93d3cuZXhwZWRpYS5jYS9Ib3RlbC1TZWFyY2g%3D&useRewards=false&rm1=a1&regionId=178229&destination=Amsterdam+%28and+vicinity%29%2C+North+Holland%2C+Netherlands&destType=MARKET&neighborhoodId=553248635976381517&latLong=52.37304%2C4.89237&sort=RECOMMENDED&top_dp=320&top_cur=CAD&userIntent=&selectedRoomType=200711417&selectedRatePlan=382270336&searchId=fa11a743-e1a4-4c6f-ae3b-bb4368a1b64e
CityHub Amsterdam,Amsterdam,239,4072,9.2,https://www.expedia.ca/Amsterdam-Hotels-Artotel-Amsterdam.h6019824.Hotel-Information?chkin=2024-04-15&chkout=2024-04-29&x_pwa=1&rfrr=HSR&pwa_ts=1709275108217&referrerUrl=aHR0cHM6Ly93d3cuZXhwZWRpYS5jYS9Ib3RlbC1TZWFyY2g%3D&useRewards=false&rm1=a1&regionId=178229&destination=Amsterdam+%28and+vicinity%29%2C+North+Holland%2C+Netherlands&destType=MARKET&neighborhoodId=553248635976381960&latLong=52.37304%2C4.89237&trackingData=AAAAAQAAAAEAAAAQ61YSHB_g-OB3u9ZldHNiSdlOsf8CCjhDtOv-Yt1H2g0O9WfdM0d1mW7GD41BMyZNNTaFG6p6hU4h60ZqiuWwD3-bSUjeo3c7QhziOdtmyXPxXcvMWfeKywUbYnf5_PdqJg5v5LEQKlNhp7Gx8oJik1UcC42CnOxlXC5UL4KayzRtGTI9gwBuQo7yhubod1NxuS45mTUkrwoWQcJUR94ie6tnQm9jvVNkwwrYncAPiXJ_ComaYrrYPzgRcGkD0I19kgcIC3JEFgiRE7X0RyLCrufMseaSY_9J115TM1yFszKFSiibOGX12FJoXrrlsFUIRysI8VL-HUiePLvrBWzkeRjk8gckr_NndnzWUByeOj9P-4R9cEDgyAHOCte1qdroi5iNFBh6RRnOatgCDKgqnt__BI8-0doAv6F8YQLzIglI5u4ve024FsEEaqoXdlNaXHrZ8uFGhHgJjEFfMWn2gS0p504l3dGWAq91hRs_maPJqmlpCT9_nS4I01zr96IySVr_KcQ0a4g7P_DgL1_I15i9CEcOXo-lKeCQjI64Sk2koxQYFtJHPUhc-52LDUUWaVVm9bdF-k6xF59Jp8Hxr78GssfDPlGk0soEGZtC6WJfqv5UbikNufSbOq3NMMtt7gx6BJdXJK8RtsYW7ZMxqvOB2HviIevgXUzfTVyJrK8OiXT892ZmR44U2k_KaQGAeLYBbeDU8P0AGcUTBL-So2rELf5oD_T51BA3pS6bwn8blmwVWPpUFP6J6iRgYDCode8gp0WQfQ1bo8FDa7EfDLnfW3my99Ybjsa4s_iKq4oyG4cKkS_8JB-QcILJ7mEP0HPh607cKTZSOaPOJsXQt_HMD_eWBUY7XpJxyetlcpmpZUt5BZdYwqDDvpNRwS0C6h2wyHtRwWWitM9MEenyRw_6q0AnsPxQ2p3Uns3ixRamgeZVds6oBfy1zx9n7cuB5YjgBbfasUGVwYX0wptzoQW_0W9lLRjf9KVD6iGeV7vRB_wVapCaB3lmcWyKtdCx07jScDXDAeTyTZzCpo_DabL7UESl56u9FOHi7_CgzO2UTybYDEZ6W9fDoAh12GSly4gdxH_-uhVTPgIz5Bkq4fLSFInNauj3xAnR8w_V6kkoN06GC7JON-PqqcTwAlQl29_DDVUXQ9E0ZwA6nSTAlkNjSjXYbUVPjl1URXr5BwttGDi5HVM6Pd68KOFn8-3Cl7uLS-Tmso9-1leJWG74JswAjbFsyebYy4ldAms_K5T5ACx7NHJOnbASQeQU74qEsGtC4ys3Ky9eP1eFpxSdQCJffyFv0Lti2LYUNZd7Hb6ITElLclsWbw8WSEkVZuMAsXniqnOVVNX5JxjIn91Ujm4ftjC7XynznNXcB2xWCv5e4cxxB9bW4MSgHE0x6PZpIWfvy19rVNJSahFKaH3K8kPkj90ErNDnRxI_pgH4MYExrvVxoeCYBo3KgD8yE1Tf-pHuukpykKOIKOA9CDFeFACrI0KBUP5p-Xuial4e3VwJ6mVgLm113kM2p8zdpK3EWYFp15YRpAxMzyCC20WNs-c5f7q4LtGIg10i_56NCr1ehJEsUdnTMWlshPqS1Ao0AP-p6UicRgoC0-PXCh6pVrb-tGQMqCcQs6uGbbEWIm-MGYFKQQcupI5PVvl_SQUKFw4-CfrOf_DDiUly35qGH_GiC2OgLhD11IEOzeWYyTlDsa4ZeyTSHPgc-J6NwG6PTDPVJYRpbAmXnwdzzXTh3351cwriR0nuQdIXQUDj8cUIM1V-M_ZmdSO_B6nCVfWCZ7dHyEKHSM2ZOWZOJXENSktWxA_Trl5gti-6aDW-AHlpgemfhYV_KyfpzxfymAABPs-bmd0xPq3SjqcUJMFj1Y6L1OruPL3RHXTw-4sgcUtF3D3gYFs8hg8dOUaUs47h245s94lBYt8eJ9kFaZAc5VdhC-ITqkjpycGyElbdi-4CvWqcOByYLEgJfqxm4l9BKZ-m7MP6d_yITgOapWQZSq8YwAJ1Vc_oNpxA6UaEo4qZ2rZrm1NLYwwQnc_IhRiEIk5zzx1Z5s8RlFPRY5vCu40Z4US_LeZPmobs-OuURE49AKOIiJhqwVanH_rVW9BM7QgMRsgabkfp7EpW-WlNTmCcwHPsmAO1qjINjRf5TR1lEkRPP_Ur9MEuGmb1v0QXhZAj94NvN5ns40Fbn8Fg_ZlUKz2j8NkDmmRUNCBriCBil0cboPmXh_YFi2JHvoRLMXgqTC-bY4PfbHzQQvrXUy1e8WujVz-JAnhxToWy-fY%3D&rank=13&testVersionOverride=Buttercup%2C39483.0.0%2C50206.169039.1%2C50028.0.0%2C50813.0.0%2C49817.165296.0%2C51642.162844.1%2C49460.165713.0%2C51690.163220.0%2C52131.163559.0%2C52527.167088.0%2C52789.167580.0%2C53217.0.0%2C50988.158353.0&slots=&position=89&beaconIssued=&sort=RECOMMENDED&top_dp=666&top_cur=CAD&userIntent=&selectedRoomType=314252991&selectedRatePlan=382778694&searchId=fa11a743-e1a4-4c6f-ae3b-bb4368a1b64e
The Social Hub Amsterdam City,Zaandam,724,12321,9.0,https://www.expedia.ca/Amsterdam-Hotels-The-Social-Hub-Amsterdam-City.h11500383.Hotel-Information?chkin=2024-04-15&chkout=2024-04-29&x_pwa=1&rfrr=HSR&pwa_ts=1709275108157&referrerUrl=aHR0cHM6Ly93d3cuZXhwZWRpYS5jYS9Ib3RlbC1TZWFyY2g%3D&useRewards=false&rm1=a1&regionId=178229&destination=Amsterdam+%28and+vicinity%29%2C+North+Holland%2C+Netherlands&destType=MARKET&neighborhoodId=553248635976383307&latLong=52.37304%2C4.89237&sort=RECOMMENDED&top_dp=321&top_cur=CAD&userIntent=&selectedRoomType=201147590&selectedRatePlan=274090728&searchId=fa11a743-e1a4-4c6f-ae3b-bb4368a1b64e
The ED Amsterdam,Museum Quarter,534,9091,9.0,https://www.expedia.ca/Amsterdam-Hotels-The-ED-Amsterdam.h40998.Hotel-Information?chkin=2024-04-15&chkout=2024-04-29&x_pwa=1&rfrr=HSR&pwa_ts=1709275108211&referrerUrl=aHR0cHM6Ly93d3cuZXhwZWRpYS5jYS9Ib3RlbC1TZWFyY2g%3D&useRewards=false&rm1=a1&regionId=178229&destination=Amsterdam+%28and+vicinity%29%2C+North+Holland%2C+Netherlands&destType=MARKET&neighborhoodId=553248635976383409&latLong=52.37304%2C4.89237&sort=RECOMMENDED&top_dp=398&top_cur=CAD&userIntent=&selectedRoomType=213009482&selectedRatePlan=240145214&searchId=fa11a743-e1a4-4c6f-ae3b-bb4368a1b64e
Room Mate Aitana,Hoofddorp,494,8395,9.0,https://www.expedia.ca/Amsterdam-Hotels-Room-Mate-Aitana.h6325959.Hotel-Information?chkin=2024-04-15&chkout=2024-04-29&x_pwa=1&rfrr=HSR&pwa_ts=1709275108170&referrerUrl=aHR0cHM6Ly93d3cuZXhwZWRpYS5jYS9Ib3RlbC1TZWFyY2g%3D&useRewards=false&rm1=a1&regionId=178229&destination=Amsterdam+%28and+vicinity%29%2C+North+Holland%2C+Netherlands&destType=MARKET&neighborhoodId=553248633958155449&latLong=52.37304%2C4.89237&sort=RECOMMENDED&top_dp=476&top_cur=CAD&userIntent=&selectedRoomType=324277415&selectedRatePlan=394085076&searchId=fa11a743-e1a4-4c6f-ae3b-bb4368a1b64e
Park Plaza Victoria Amsterdam,Hoofddorp,476,8098,9.0,https://www.expedia.ca/Amsterdam-Hotels-Park-Plaza-Victoria-Amsterdam.h19430.Hotel-Information?chkin=2024-04-15&chkout=2024-04-29&x_pwa=1&rfrr=HSR&pwa_ts=1709275108206&referrerUrl=aHR0cHM6Ly93d3cuZXhwZWRpYS5jYS9Ib3RlbC1TZWFyY2g%3D&useRewards=false&rm1=a1&regionId=178229&destination=Amsterdam+%28and+vicinity%29%2C+North+Holland%2C+Netherlands&destType=MARKET&neighborhoodId=553248635976381960&latLong=52.37304%2C4.89237&sort=RECOMMENDED&top_dp=724&top_cur=CAD&userIntent=&selectedRoomType=314253042&selectedRatePlan=382779177&searchId=fa11a743-e1a4-4c6f-ae3b-bb4368a1b64e
"Park Centraal Amsterdam, part of Sircle Collection",Hoofddorp,398,6778,9.0,https://www.expedia.ca/Amsterdam-Hotels-Park-Centraal-Amsterdam.h22363.Hotel-Information?chkin=2024-04-15&chkout=2024-04-29&x_pwa=1&rfrr=HSR&pwa_ts=1709275108167&referrerUrl=aHR0cHM6Ly93d3cuZXhwZWRpYS5jYS9Ib3RlbC1TZWFyY2g%3D&useRewards=false&rm1=a1&regionId=178229&destination=Amsterdam+%28and+vicinity%29%2C+North+Holland%2C+Netherlands&destType=MARKET&neighborhoodId=6052213&latLong=52.37304%2C4.89237&sort=RECOMMENDED&top_dp=494&top_cur=CAD&userIntent=&selectedRoomType=179015&selectedRatePlan=212338271&searchId=fa11a743-e1a4-4c6f-ae3b-bb4368a1b64e
Olympic Hotel,Hoofddorp,393,6691,9.0,https://www.expedia.ca/Amsterdam-Hotels-Olympic-Hotel.h33969931.Hotel-Information?chkin=2024-04-15&chkout=2024-04-29&x_pwa=1&rfrr=HSR&pwa_ts=1709275108199&referrerUrl=aHR0cHM6Ly93d3cuZXhwZWRpYS5jYS9Ib3RlbC1TZWFyY2g%3D&useRewards=false&rm1=a1&regionId=178229&destination=Amsterdam+%28and+vicinity%29%2C+North+Holland%2C+Netherlands&destType=MARKET&neighborhoodId=553248635976381992&latLong=52.37304%2C4.89237&sort=RECOMMENDED&top_dp=335&top_cur=CAD&userIntent=&selectedRoomType=217515956&selectedRatePlan=270083914&searchId=fa11a743-e1a4-4c6f-ae3b-bb4368a1b64e
NinetyNine Hotel Amsterdam Airport,Amsterdam,360,6116,9.0,https://www.expedia.ca/Amsterdam-Hotels-NinetyNine-Hotel-Amsterdam-Airport.h57751702.Hotel-Information?chkin=2024-04-15&chkout=2024-04-29&x_pwa=1&rfrr=HSR&pwa_ts=1709275108161&referrerUrl=aHR0cHM6Ly93d3cuZXhwZWRpYS5jYS9Ib3RlbC1TZWFyY2g%3D&useRewards=false&rm1=a1&regionId=178229&destination=Amsterdam+%28and+vicinity%29%2C+North+Holland%2C+Netherlands&destType=MARKET&latLong=52.37304%2C4.89237&sort=RECOMMENDED&top_dp=238&top_cur=CAD&userIntent=&selectedRoomType=230462063&selectedRatePlan=276394651&searchId=fa11a743-e1a4-4c6f-ae3b-bb4368a1b64e
IntercityHotel Amsterdam Airport,Amsterdam,335,5699,9.0,https://www.expedia.ca/Amsterdam-Hotels-IntercityHotel-Amsterdam-Airport.h71951953.Hotel-Information?chkin=2024-04-15&chkout=2024-04-29&x_pwa=1&rfrr=HSR&pwa_ts=1709275108194&referrerUrl=aHR0cHM6Ly93d3cuZXhwZWRpYS5jYS9Ib3RlbC1TZWFyY2g%3D&useRewards=false&rm1=a1&regionId=178229&destination=Amsterdam+%28and+vicinity%29%2C+North+Holland%2C+Netherlands&destType=MARKET&latLong=52.37304%2C4.89237&trackingData=AAAAAQAAAAEAAAAQGa87JNRkkS7ZQ0E3gng06r-lHrc7krpNfwNUx7XXs1LyTcE-GLvsbXOumVuQwGRYa2DxU0TB1H7ZkAy64eUf100TCeBvTW8dXM9gaKje3xiQJj7dOBYD89apglw-DNgPedjMzSICnUyMctLrgeIIsIWi1NbE2kvAsWF-9DvxS-Y39R0fcC6ZP-QliXNtg3k3YoGsyzar3vn18X4xRzJkUERdiZDoEcVEnStLdc74m7jT6bGuhSFu6fk9splNdJCaCb1nqlNa8MDKGWdKwUzANW9ZDr57SFWAnHNwcElz3sl0sxKVV6P6gYLy2VzCu5C-YBvEtrcUO3hZvWTqGBnogjmuVKP3ZK_GipC0NcJ5YxjixTl86PLdE6yqWh60HZbrPHNxVn6emCadpP17B0osw64A57szLUDeCO3DIhtGjqZB1Wg1rOkEb9sWBhBp9Qj8OHlp5kAdpCD6DozPmuvY76LyawX-kfVvdwbzetntxhLnN2VLWiyGI6iqpecE7M0Z4523D3aX3fCGzrfRDG15rX2nIeMkGULdNycpE9OWtsYoNoSa5a1RQs14ldDPed8k1xUCcsCtPbbxb--vokVrBNpA2dUq90t88S-2gA6MjKPSVvmv2S9f2VAokrtDHtsy_HctZAcxg10LT_7uQfeqhtWCj6TtSTa8hb22jBreTbRulKPpoMP1BRNigh7umWOjWvwaLTPl_V1YcqL9xu1sw3m0S2d0ErpCVxdzHpqTXLU6EORq4TSHVdnd0VipNB88YjbInpdio2rSaqzbKTtJdb-hMC4RgAjmYVLkqg7e7qGgqPfbvXa7fSQUPq4Pm5exNV-Ttko4Zrtax3VtghkSxJdZbDu4lSVON3riUNJAB4ghoCtNNLwCuOQHr_xzcwFEx2T-pZttScmfe2faR4oK2cAepwGH_VKddP-JLesHGn46YtdanQ_86Apu6yU0tIi9YXN9YWxiKMOhp67xGaaR8kmtn9dyCOMw_9rJPJcTo-3lVPNbAfjUfMyb22qmwbg6To4qhzfxHkhrFXUkgMlWmqN9sAnBzb2K5s8_u9YjSHDnXsYvwyX12D6orCqLG0Q6yMjc393hVF9xaQDjyNARMV-WtJgDioAU4E8ThG8BihwFrD-hL8ag47UoA_kd7fpQ-cc2VKY4FSnlVWHccMiAQpUxIZ1Wb2nVyz5iB-q0biI-Cb5sAo7EyoaGlANyg-A48tCbO27pxyYUjygdkG2sMRMr0Dk9yKkcvdM-sQ9VrGZ4lQ6OrFr56P5en01o6ICVENhk_WJW_y3k6PpPuGI_3x0cesKkXCMOFONovtDHv_Zv6cBK39l9SWuoUJlXqV-snp8m6udgiUIzKjElspT47nomC9ucThVrYtSH1Lmqg1BOrzDc3TTNO12D_imv8fme3II6V0MpQFecdLW3P9CBMUZMrfKcHrx0WzTMl22n3SJ1QoivRQ_XyMAOa_atjOxYEjy9E4Re3s66um67HiaL2TXapUA4_IVSS5eM_xmHQgpuX_Avz2n2ZeGDQWTbBsjQzOuLM3ELT7E7MdIZ62K4xu_9njXbrpjfLCKFOGWE1TcEwGQ9lE3YbozqzC4rpHRT_NTux9ujL1FjvEIiNhfuDPYZBzIeQS5h4c1NAHFpGCt9y7pW9tCL447bmqex1KfWiowe41tu5CCShJ0XNnlQQGwNytZUBcAh_HOvw3iL7aeZM-LhhdggegPBE2gd8667ZAnOV9f8Q60BwWvfeBATeAONj1ht3wokrxYXdKd2m160X5AEqIy_P1t6Y3_OsPbDj_VAVxMqPCz2mIXiXIwxNEQfCyIZqOw2lv6lp1UtmGZ-eGuXSYRpN8nWGvyvKgJmktIVT3z2NX9yl2H8LdZ8atN06bKatIJYlH4JlrPJo4iNHEfaQ7IxNO61KxP8erJKU2wybsIYQugvew13axOjQSw0Uca2lt6op4tCpQN6s_7BM6SqJQXJEhPV2jZA9UTKN7dOogtqBvACMntP8S_deqq0nzBpAnY0VIBYyK2UvGB_LyWEr1cs-MQQPQLrGEm431sxjnuxERpYCVFob0IEJV73HfdNhbuIk8LYhvEHRxiCo-gxOI8Ok09URX9iGrXyeAiJSCcbJFeWoxBmxoL0-VmdK7GyJu-q18GPQ0yV5TtZl5IPbryz3s-jGPbzz76kWZmSAhzFW94lCkDRvP-EIUXaSAPy3xBZguhUdt8ZBuAP6SmuG632gVCO6ht_5IjFXPTfrzJbreV0Te_dFqGDO1Wc9Fxn2lQanXOwAKuSSOw%3D&rank=10&testVersionOverride=Buttercup%2C39483.0.0%2C50206.169039.1%2C50028.0.0%2C50813.0.0%2C49817.165296.0%2C51642.162844.1%2C49460.165713.0%2C51690.163220.0%2C52131.163559.0%2C52527.167088.0%2C52789.167580.0%2C53217.0.0%2C50988.158353.0&slots=&position=58&beaconIssued=&sort=RECOMMENDED&top_dp=176&top_cur=CAD&userIntent=&selectedRoomType=321308903&selectedRatePlan=388569899&searchId=fa11a743-e1a4-4c6f-ae3b-bb4368a1b64e
IntercityHotel Amsterdam Airport,Amsterdam,326,5486,9.0,https://www.expedia.ca/Amsterdam-Hotels-IntercityHotel-Amsterdam-Airport.h71951953.Hotel-Information?chkin=2024-04-15&chkout=2024-04-29&x_pwa=1&rfrr=HSR&pwa_ts=1709275108154&referrerUrl=aHR0cHM6Ly93d3cuZXhwZWRpYS5jYS9Ib3RlbC1TZWFyY2g%3D&useRewards=false&rm1=a1&regionId=178229&destination=Amsterdam+%28and+vicinity%29%2C+North+Holland%2C+Netherlands&destType=MARKET&latLong=52.37304%2C4.89237&sort=RECOMMENDED&top_dp=176&top_cur=CAD&userIntent=&selectedRoomType=321308903&selectedRatePlan=388569899&searchId=fa11a743-e1a4-4c6f-ae3b-bb4368a1b64e
Inntel Hotels Amsterdam Zaandam,Amsterdam,323,5458,9.0,https://www.expedia.ca/Amsterdam-Hotels-Inntel-Hotels-Amsterdam-Zaandam.h527409.Hotel-Information?chkin=2024-04-15&chkout=2024-04-29&x_pwa=1&rfrr=HSR&pwa_ts=1709275108168&referrerUrl=aHR0cHM6Ly93d3cuZXhwZWRpYS5jYS9Ib3RlbC1TZWFyY2g%3D&useRewards=false&rm1=a1&regionId=178229&destination=Amsterdam+%28and+vicinity%29%2C+North+Holland%2C+Netherlands&destType=MARKET&latLong=52.37304%2C4.89237&sort=RECOMMENDED&top_dp=326&top_cur=CAD&userIntent=&selectedRoomType=498890&selectedRatePlan=200339142&searchId=fa11a743-e1a4-4c6f-ae3b-bb4368a1b64e
Hyatt Place Amsterdam Airport,Amsterdam,321,5122,9.0,https://www.expedia.ca/Amsterdam-Hotels-Hyatt-Place-Amsterdam-Airport.h7378407.Hotel-Information?chkin=2024-04-15&chkout=2024-04-29&x_pwa=1&rfrr=HSR&pwa_ts=1709275108196&referrerUrl=aHR0cHM6Ly93d3cuZXhwZWRpYS5jYS9Ib3RlbC1TZWFyY2g%3D&useRewards=false&rm1=a1&regionId=178229&destination=Amsterdam+%28and+vicinity%29%2C+North+Holland%2C+Netherlands&destType=MARKET&latLong=52.37304%2C4.89237&sort=RECOMMENDED&top_dp=254&top_cur=CAD&userIntent=&selectedRoomType=200612063&selectedRatePlan=258193126&searchId=fa11a743-e1a4-4c6f-ae3b-bb4368a1b64e
Hotel2Stay,Amsterdam,297,5060,9.0,https://www.expedia.ca/Amsterdam-Hotels-Hotel2Stay.h15830809.Hotel-Information?chkin=2024-04-15&chkout=2024-04-29&x_pwa=1&rfrr=HSR&pwa_ts=1709275108152&referrerUrl=aHR0cHM6Ly93d3cuZXhwZWRpYS5jYS9Ib3RlbC1TZWFyY2g%3D&useRewards=false&rm1=a1&regionId=178229&destination=Amsterdam+%28and+vicinity%29%2C+North+Holland%2C+Netherlands&destType=MARKET&neighborhoodId=553248635976382275&latLong=52.37304%2C4.89237&sort=RECOMMENDED&top_dp=297&top_cur=CAD&userIntent=&selectedRoomType=201639284&selectedRatePlan=210240293&searchId=fa11a743-e1a4-4c6f-ae3b-bb4368a1b64e
Hotel Casa Amsterdam,Amsterdam,254,4104,9.0,https://www.expedia.ca/Amsterdam-Hotels-Hotel-Casa-Amsterdam.h108881.Hotel-Information?chkin=2024-04-15&chkout=2024-04-29&x_pwa=1&rfrr=HSR&pwa_ts=1709275108209&referrerUrl=aHR0cHM6Ly93d3cuZXhwZWRpYS5jYS9Ib3RlbC1TZWFyY2g%3D&useRewards=false&rm1=a1&regionId=178229&destination=Amsterdam+%28and+vicinity%29%2C+North+Holland%2C+Netherlands&destType=MARKET&neighborhoodId=553248635976383315&latLong=52.37304%2C4.89237&sort=RECOMMENDED&top_dp=393&top_cur=CAD&userIntent=&selectedRoomType=314119481&selectedRatePlan=383044494&searchId=fa11a743-e1a4-4c6f-ae3b-bb4368a1b64e
Clayton Hotel Amsterdam American,Amsterdam,238,3841,9.0,https://www.expedia.ca/Amsterdam-Hotels-Hard-Rock-Hotel-Amsterdam-American.h42593957.Hotel-Information?chkin=2024-04-15&chkout=2024-04-29&x_pwa=1&rfrr=HSR&pwa_ts=1709275108187&referrerUrl=aHR0cHM6Ly93d3cuZXhwZWRpYS5jYS9Ib3RlbC1TZWFyY2g%3D&useRewards=false&rm1=a1&regionId=178229&destination=Amsterdam+%28and+vicinity%29%2C+North+Holland%2C+Netherlands&destType=MARKET&neighborhoodId=553248635976381941&latLong=52.37304%2C4.89237&sort=RECOMMENDED&top_dp=534&top_cur=CAD&userIntent=&selectedRoomType=218528219&selectedRatePlan=392563442&searchId=fa11a743-e1a4-4c6f-ae3b-bb4368a1b64e
Chasse Hotel Residency,Amsterdam,176,2836,9.0,https://www.expedia.ca/Amsterdam-Hotels-Chasse-Hotel-Residency.h101084828.Hotel-Information?chkin=2024-04-15&chkout=2024-04-29&x_pwa=1&rfrr=HSR&pwa_ts=1709275108154&referrerUrl=aHR0cHM6Ly93d3cuZXhwZWRpYS5jYS9Ib3RlbC1TZWFyY2g%3D&useRewards=false&rm1=a1&regionId=178229&destination=Amsterdam+%28and+vicinity%29%2C+North+Holland%2C+Netherlands&destType=MARKET&neighborhoodId=553248635976383315&latLong=52.37304%2C4.89237&sort=RECOMMENDED&top_dp=323&top_cur=CAD&userIntent=&selectedRoomType=323954116&selectedRatePlan=393219320&searchId=fa11a743-e1a4-4c6f-ae3b-bb4368a1b64e
Amsterdam ID Aparthotel,Amsterdam,176,2836,9.0,https://www.expedia.ca/Amsterdam-Hotels-Amsterdam-ID-Aparthotel.h5448620.Hotel-Information?chkin=2024-04-15&chkout=2024-04-29&x_pwa=1&rfrr=HSR&pwa_ts=1709275108215&referrerUrl=aHR0cHM6Ly93d3cuZXhwZWRpYS5jYS9Ib3RlbC1TZWFyY2g%3D&useRewards=false&rm1=a1&regionId=178229&destination=Amsterdam+%28and+vicinity%29%2C+North+Holland%2C+Netherlands&destType=MARKET&neighborhoodId=553248635976382275&latLong=52.37304%2C4.89237&sort=RECOMMENDED&top_dp=360&top_cur=CAD&userIntent=&selectedRoomType=200523874&selectedRatePlan=250072322&searchId=fa11a743-e1a4-4c6f-ae3b-bb4368a1b64e
the niu Fender,Schiphol,551,9368,8.8,https://www.expedia.ca/Amsterdam-Hotels-Yays-Entrepothaven-Concierged-Boutique-Apartments.h37733264.Hotel-Information?chkin=2024-04-15&chkout=2024-04-29&x_pwa=1&rfrr=HSR&pwa_ts=1709275108224&referrerUrl=aHR0cHM6Ly93d3cuZXhwZWRpYS5jYS9Ib3RlbC1TZWFyY2g%3D&useRewards=false&rm1=a1&regionId=178229&destination=Amsterdam+%28and+vicinity%29%2C+North+Holland%2C+Netherlands&destType=MARKET&neighborhoodId=553248635919972524&latLong=52.37304%2C4.89237&sort=RECOMMENDED&top_dp=357&top_cur=CAD&userIntent=&selectedRoomType=221153570&selectedRatePlan=382144771&searchId=fa11a743-e1a4-4c6f-ae3b-bb4368a1b64e
YAYS Amsterdam Docklands,Jordaan,536,9118,8.8,https://www.expedia.ca/Amsterdam-Hotels-The-Social-Hub-Amsterdam-West-4.h49274684.Hotel-Information?chkin=2024-04-15&chkout=2024-04-29&x_pwa=1&rfrr=HSR&pwa_ts=1709275108162&referrerUrl=aHR0cHM6Ly93d3cuZXhwZWRpYS5jYS9Ib3RlbC1TZWFyY2g%3D&useRewards=false&rm1=a1&regionId=178229&destination=Amsterdam+%28and+vicinity%29%2C+North+Holland%2C+Netherlands&destType=MARKET&neighborhoodId=178332&latLong=52.37304%2C4.89237&sort=RECOMMENDED&top_dp=260&top_cur=CAD&userIntent=&selectedRoomType=231610164&selectedRatePlan=284253076&searchId=fa11a743-e1a4-4c6f-ae3b-bb4368a1b64e
The Social Hub Amsterdam West 4,Amsterdam North,357,6081,8.8,https://www.expedia.ca/Amsterdam-Hotels-The-Niu-Fender.h39565524.Hotel-Information?chkin=2024-04-15&chkout=2024-04-29&x_pwa=1&rfrr=HSR&pwa_ts=1709275108164&referrerUrl=aHR0cHM6Ly93d3cuZXhwZWRpYS5jYS9Ib3RlbC1TZWFyY2g%3D&useRewards=false&rm1=a1&regionId=178229&destination=Amsterdam+%28and+vicinity%29%2C+North+Holland%2C+Netherlands&destType=MARKET&neighborhoodId=553248635919972524&latLong=52.37304%2C4.89237&sort=RECOMMENDED&top_dp=295&top_cur=CAD&userIntent=&selectedRoomType=219035951&selectedRatePlan=383180702&searchId=fa11a743-e1a4-4c6f-ae3b-bb4368a1b64e
Steigenberger Airport Hotel Amsterdam,Amsterdam,335,5695,8.8,https://www.expedia.ca/Amsterdam-Hotels-Steigenberger-Airport-Hotel-Amsterdam.h909903.Hotel-Information?chkin=2024-04-15&chkout=2024-04-29&x_pwa=1&rfrr=HSR&pwa_ts=1709275108173&referrerUrl=aHR0cHM6Ly93d3cuZXhwZWRpYS5jYS9Ib3RlbC1TZWFyY2g%3D&useRewards=false&rm1=a1&regionId=178229&destination=Amsterdam+%28and+vicinity%29%2C+North+Holland%2C+Netherlands&destType=MARKET&latLong=52.37304%2C4.89237&sort=RECOMMENDED&top_dp=205&top_cur=CAD&userIntent=&selectedRoomType=321645405&selectedRatePlan=389204746&searchId=fa11a743-e1a4-4c6f-ae3b-bb4368a1b64e
Renaissance Amsterdam Schiphol Airport Hotel,Amsterdam,319,5435,8.8,https://www.expedia.ca/Amsterdam-Hotels-Renaissance-Amsterdam-Schiphol-Airport-Hotel.h29305305.Hotel-Information?chkin=2024-04-15&chkout=2024-04-29&x_pwa=1&rfrr=HSR&pwa_ts=1709275108186&referrerUrl=aHR0cHM6Ly93d3cuZXhwZWRpYS5jYS9Ib3RlbC1TZWFyY2g%3D&useRewards=false&rm1=a1&regionId=178229&destination=Amsterdam+%28and+vicinity%29%2C+North+Holland%2C+Netherlands&destType=MARKET&latLong=52.37304%2C4.89237&sort=RECOMMENDED&top_dp=231&top_cur=CAD&userIntent=&selectedRoomType=218725643&selectedRatePlan=393963725&searchId=fa11a743-e1a4-4c6f-ae3b-bb4368a1b64e
Radisson Hotel & Suites Amsterdam South,Amsterdam,302,5022,8.8,https://www.expedia.ca/Amsterdam-Hotels-Radisson-Hotel-Suites-Amsterdam-South.h20094895.Hotel-Information?chkin=2024-04-15&chkout=2024-04-29&x_pwa=1&rfrr=HSR&pwa_ts=1709275108168&referrerUrl=aHR0cHM6Ly93d3cuZXhwZWRpYS5jYS9Ib3RlbC1TZWFyY2g%3D&useRewards=false&rm1=a1&regionId=178229&destination=Amsterdam+%28and+vicinity%29%2C+North+Holland%2C+Netherlands&destType=MARKET&latLong=52.37304%2C4.89237&sort=RECOMMENDED&top_dp=302&top_cur=CAD&userIntent=&selectedRoomType=314307660&selectedRatePlan=382953363&searchId=fa11a743-e1a4-4c6f-ae3b-bb4368a1b64e
NH Collection Amsterdam Flower Market,Amsterdam,295,4954,8.8,https://www.expedia.ca/Amsterdam-Hotels-NH-Collection-Amsterdam-Flower-Market.h527568.Hotel-Information?chkin=2024-04-15&chkout=2024-04-29&x_pwa=1&rfrr=HSR&pwa_ts=1709275108182&referrerUrl=aHR0cHM6Ly93d3cuZXhwZWRpYS5jYS9Ib3RlbC1TZWFyY2g%3D&useRewards=false&rm1=a1&regionId=178229&destination=Amsterdam+%28and+vicinity%29%2C+North+Holland%2C+Netherlands&destType=MARKET&neighborhoodId=553248635976383413&latLong=52.37304%2C4.89237&sort=RECOMMENDED&top_dp=536&top_cur=CAD&userIntent=&selectedRoomType=200799963&selectedRatePlan=203983697&searchId=fa11a743-e1a4-4c6f-ae3b-bb4368a1b64e
NH City Centre Amsterdam,Amsterdam,291,4705,8.8,https://www.expedia.ca/Amsterdam-Hotels-NH-City-Centre-Amsterdam.h26865.Hotel-Information?chkin=2024-04-15&chkout=2024-04-29&x_pwa=1&rfrr=HSR&pwa_ts=1709275108188&referrerUrl=aHR0cHM6Ly93d3cuZXhwZWRpYS5jYS9Ib3RlbC1TZWFyY2g%3D&useRewards=false&rm1=a1&regionId=178229&destination=Amsterdam+%28and+vicinity%29%2C+North+Holland%2C+Netherlands&destType=MARKET&neighborhoodId=553248635976381960&latLong=52.37304%2C4.89237&sort=RECOMMENDED&top_dp=551&top_cur=CAD&userIntent=&selectedRoomType=200802861&selectedRatePlan=204078948&searchId=fa11a743-e1a4-4c6f-ae3b-bb4368a1b64e
Krisotel,Amsterdam,260,4415,8.8,https://www.expedia.ca/Amsterdam-Hotels-Krisotel.h45020570.Hotel-Information?chkin=2024-04-15&chkout=2024-04-29&x_pwa=1&rfrr=HSR&pwa_ts=1709275108183&referrerUrl=aHR0cHM6Ly93d3cuZXhwZWRpYS5jYS9Ib3RlbC1TZWFyY2g%3D&useRewards=false&rm1=a1&regionId=178229&destination=Amsterdam+%28and+vicinity%29%2C+North+Holland%2C+Netherlands&destType=MARKET&neighborhoodId=553248635023479946&latLong=52.37304%2C4.89237&sort=RECOMMENDED&top_dp=319&top_cur=CAD&userIntent=&selectedRoomType=229512602&selectedRatePlan=270272841&searchId=fa11a743-e1a4-4c6f-ae3b-bb4368a1b64e
"Holiday Inn Express Amsterdam - North Riverside, an IHG Hotel",Amstelveen,231,3607,8.8,https://www.expedia.ca/Amsterdam-Hotels-Holiday-Inn-Express-Amsterdam-Motorkade.h48566342.Hotel-Information?chkin=2024-04-15&chkout=2024-04-29&x_pwa=1&rfrr=HSR&pwa_ts=1709275108158&referrerUrl=aHR0cHM6Ly93d3cuZXhwZWRpYS5jYS9Ib3RlbC1TZWFyY2g%3D&useRewards=false&rm1=a1&regionId=178229&destination=Amsterdam+%28and+vicinity%29%2C+North+Holland%2C+Netherlands&destType=MARKET&neighborhoodId=178326&latLong=52.37304%2C4.89237&sort=RECOMMENDED&top_dp=291&top_cur=CAD&userIntent=&selectedRoomType=233128338&selectedRatePlan=392849209&searchId=fa11a743-e1a4-4c6f-ae3b-bb4368a1b64e
Conscious Hotel Vondelpark,Aalsmeer,205,3305,8.8,https://www.expedia.ca/Amsterdam-Hotels-Conscious-Hotel-Vondelpark.h3909295.Hotel-Information?chkin=2024-04-15&chkout=2024-04-29&x_pwa=1&rfrr=HSR&pwa_ts=1709275108186&referrerUrl=aHR0cHM6Ly93d3cuZXhwZWRpYS5jYS9Ib3RlbC1TZWFyY2g%3D&useRewards=false&rm1=a1&regionId=178229&destination=Amsterdam+%28and+vicinity%29%2C+North+Holland%2C+Netherlands&destType=MARKET&neighborhoodId=553248635976382237&latLong=52.37304%2C4.89237&sort=RECOMMENDED&top_dp=335&top_cur=CAD&userIntent=&selectedRoomType=201701813&selectedRatePlan=208480665&searchId=fa11a743-e1a4-4c6f-ae3b-bb4368a1b64e
ibis Styles Amsterdam Airport,Schiphol,466,7935,8.6,https://www.expedia.ca/Amsterdam-Hotels-Yotel-Amsterdam.h38810269.Hotel-Information?chkin=2024-04-15&chkout=2024-04-29&x_pwa=1&rfrr=HSR&pwa_ts=1709275108161&referrerUrl=aHR0cHM6Ly93d3cuZXhwZWRpYS5jYS9Ib3RlbC1TZWFyY2g%3D&useRewards=false&rm1=a1&regionId=178229&destination=Amsterdam+%28and+vicinity%29%2C+North+Holland%2C+Netherlands&destType=MARKET&neighborhoodId=178326&latLong=52.37304%2C4.89237&sort=RECOMMENDED&top_dp=315&top_cur=CAD&userIntent=&selectedRoomType=217539267&selectedRatePlan=389329511&searchId=fa11a743-e1a4-4c6f-ae3b-bb4368a1b64e
YOTEL Amsterdam,Museum Quarter,415,7055,8.6,https://www.expedia.ca/Amsterdam-Hotels-Moxy-Amsterdam-Schiphol-Airport.h54025961.Hotel-Information?chkin=2024-04-15&chkout=2024-04-29&x_pwa=1&rfrr=HSR&pwa_ts=1709275106470&referrerUrl=aHR0cHM6Ly93d3cuZXhwZWRpYS5jYS9Ib3RlbC1TZWFyY2g%3D&useRewards=false&rm1=a1&regionId=178229&destination=Amsterdam+%28and+vicinity%29%2C+North+Holland%2C+Netherlands&destType=MARKET&latLong=52.37304%2C4.89237&sort=RECOMMENDED&top_dp=166&top_cur=CAD&userIntent=&selectedRoomType=213748250&selectedRatePlan=393963719&searchId=fa11a743-e1a4-4c6f-ae3b-bb4368a1b64e
Moxy Amsterdam Schiphol Airport,Hoofddorp,360,6125,8.6,https://www.expedia.ca/Amsterdam-Hotels-Max-Brown-Hotel-Museum-Square.h1524945.Hotel-Information?chkin=2024-04-15&chkout=2024-04-29&x_pwa=1&rfrr=HSR&pwa_ts=1709275108172&referrerUrl=aHR0cHM6Ly93d3cuZXhwZWRpYS5jYS9Ib3RlbC1TZWFyY2g%3D&useRewards=false&rm1=a1&regionId=178229&destination=Amsterdam+%28and+vicinity%29%2C+North+Holland%2C+Netherlands&destType=MARKET&neighborhoodId=6052213&latLong=52.37304%2C4.89237&sort=RECOMMENDED&top_dp=358&top_cur=CAD&userIntent=&selectedRoomType=200538912&selectedRatePlan=258373156&searchId=fa11a743-e1a4-4c6f-ae3b-bb4368a1b64e
"Max Brown Hotel Museum Square, part of Sircle Collection",Badhoevedorp,358,6098,8.6,https://www.expedia.ca/Amsterdam-Hotels-Leonardo-Royal-Hotel-Amsterdam.h27473821.Hotel-Information?chkin=2024-04-15&chkout=2024-04-29&x_pwa=1&rfrr=HSR&pwa_ts=1709275108205&referrerUrl=aHR0cHM6Ly93d3cuZXhwZWRpYS5jYS9Ib3RlbC1TZWFyY2g%3D&useRewards=false&rm1=a1&regionId=178229&destination=Amsterdam+%28and+vicinity%29%2C+North+Holland%2C+Netherlands&destType=MARKET&neighborhoodId=553248633981694272&latLong=52.37304%2C4.89237&sort=RECOMMENDED&top_dp=310&top_cur=CAD&userIntent=&selectedRoomType=314170480&selectedRatePlan=382591985&searchId=fa11a743-e1a4-4c6f-ae3b-bb4368a1b64e
Leonardo Royal Hotel Amsterdam,Amsterdam North,315,5359,8.6,https://www.expedia.ca/Amsterdam-Hotels-Inntel-Hotels-Amsterdam-Landmark.h59924915.Hotel-Information?chkin=2024-04-15&chkout=2024-04-29&x_pwa=1&rfrr=HSR&pwa_ts=1709275108176&referrerUrl=aHR0cHM6Ly93d3cuZXhwZWRpYS5jYS9Ib3RlbC1TZWFyY2g%3D&useRewards=false&rm1=a1&regionId=178229&destination=Amsterdam+%28and+vicinity%29%2C+North+Holland%2C+Netherlands&destType=MARKET&neighborhoodId=553248635976397135&latLong=52.37304%2C4.89237&sort=RECOMMENDED&top_dp=415&top_cur=CAD&userIntent=&selectedRoomType=230468331&selectedRatePlan=276400424&searchId=fa11a743-e1a4-4c6f-ae3b-bb4368a1b64e
Inntel Hotels Amsterdam Landmark,Amsterdam East,310,5268,8.6,https://www.expedia.ca/Amsterdam-Hotels-Ibis-Styles-Amsterdam-Airport.h15456053.Hotel-Information?chkin=2024-04-15&chkout=2024-04-29&x_pwa=1&rfrr=HSR&pwa_ts=1709275108224&referrerUrl=aHR0cHM6Ly93d3cuZXhwZWRpYS5jYS9Ib3RlbC1TZWFyY2g%3D&useRewards=false&rm1=a1&regionId=178229&destination=Amsterdam+%28and+vicinity%29%2C+North+Holland%2C+Netherlands&destType=MARKET&latLong=52.37304%2C4.89237&sort=RECOMMENDED&top_dp=220&top_cur=CAD&userIntent=&selectedRoomType=219613463&selectedRatePlan=284073535&searchId=fa11a743-e1a4-4c6f-ae3b-bb4368a1b64e
Eden Hotel Amsterdam,Amsterdam,299,4662,8.6,https://www.expedia.ca/Amsterdam-Hotels-Eden-Hotel-Amsterdam.h596.Hotel-Information?chkin=2024-04-15&chkout=2024-04-29&x_pwa=1&rfrr=HSR&pwa_ts=1709275108163&referrerUrl=aHR0cHM6Ly93d3cuZXhwZWRpYS5jYS9Ib3RlbC1TZWFyY2g%3D&useRewards=false&rm1=a1&regionId=178229&destination=Amsterdam+%28and+vicinity%29%2C+North+Holland%2C+Netherlands&destType=MARKET&neighborhoodId=553248635976383413&latLong=52.37304%2C4.89237&sort=RECOMMENDED&top_dp=466&top_cur=CAD&userIntent=&selectedRoomType=264985&selectedRatePlan=200787359&searchId=fa11a743-e1a4-4c6f-ae3b-bb4368a1b64e
Cityden Zuidas,Amsterdam,220,3556,8.6,https://www.expedia.ca/Amsterdam-Hotels-Cityden-Up-Amsterdam-South.h16497359.Hotel-Information?chkin=2024-04-15&chkout=2024-04-29&x_pwa=1&rfrr=HSR&pwa_ts=1709275108205&referrerUrl=aHR0cHM6Ly93d3cuZXhwZWRpYS5jYS9Ib3RlbC1TZWFyY2g%3D&useRewards=false&rm1=a1&regionId=178229&destination=Amsterdam+%28and+vicinity%29%2C+North+Holland%2C+Netherlands&destType=MARKET&latLong=52.37304%2C4.89237&sort=RECOMMENDED&top_dp=299&top_cur=CAD&userIntent=&selectedRoomType=201737929&selectedRatePlan=208656160&searchId=fa11a743-e1a4-4c6f-ae3b-bb4368a1b64e
Citadines Sloterdijk Station Amsterdam,Amsterdam,193,3119,8.6,https://www.expedia.ca/Amsterdam-Hotels-Citadines-Sloterdijk-Station-Amsterdam.h35107399.Hotel-Information?chkin=2024-04-15&chkout=2024-04-29&x_pwa=1&rfrr=HSR&pwa_ts=1709275108225&referrerUrl=aHR0cHM6Ly93d3cuZXhwZWRpYS5jYS9Ib3RlbC1TZWFyY2g%3D&useRewards=false&rm1=a1&regionId=178229&destination=Amsterdam+%28and+vicinity%29%2C+North+Holland%2C+Netherlands&destType=MARKET&neighborhoodId=553248635976382275&latLong=52.37304%2C4.89237&sort=RECOMMENDED&top_dp=360&top_cur=CAD&userIntent=&selectedRoomType=225600383&selectedRatePlan=244379864&searchId=fa11a743-e1a4-4c6f-ae3b-bb4368a1b64e
Amrth Apart Hotel Schiphol Badhoevedorp,Amstelveen,166,2675,8.6,https://www.expedia.ca/Amsterdam-Hotels-Amrath-Apart-Hotel-Schiphol-Badhoevedorp.h19628693.Hotel-Information?chkin=2024-04-15&chkout=2024-04-29&x_pwa=1&rfrr=HSR&pwa_ts=1709275108154&referrerUrl=aHR0cHM6Ly93d3cuZXhwZWRpYS5jYS9Ib3RlbC1TZWFyY2g%3D&useRewards=false&rm1=a1&regionId=178229&destination=Amsterdam+%28and+vicinity%29%2C+North+Holland%2C+Netherlands&destType=MARKET&latLong=52.37304%2C4.89237&sort=RECOMMENDED&top_dp=193&top_cur=CAD&userIntent=&selectedRoomType=202137902&selectedRatePlan=290330183&searchId=fa11a743-e1a4-4c6f-ae3b-bb4368a1b64e
NH Amsterdam Leidseplein,Museum Quarter,658,11198,8.4,https://www.expedia.ca/Amsterdam-Hotels-NH-Amsterdam-Centre.h176758.Hotel-Information?chkin=2024-04-15&chkout=2024-04-29&x_pwa=1&rfrr=HSR&pwa_ts=1709275108158&referrerUrl=aHR0cHM6Ly93d3cuZXhwZWRpYS5jYS9Ib3RlbC1TZWFyY2g%3D&useRewards=false&rm1=a1&regionId=178229&destination=Amsterdam+%28and+vicinity%29%2C+North+Holland%2C+Netherlands&destType=MARKET&neighborhoodId=553248635976383608&latLong=52.37304%2C4.89237&trackingData=AAAAAQAAAAEAAAAQjejdlVY5HqoNfVfpn2sQxpWZGZ2ncldiygmjdqrutROSs_UuGeHilIY-i0bPZOXIQ7sQPhT2mE5Sbme-diAMKOIg7f5nuM1S5N1js-tMZFm1zGkDq3xPjjoTFrPzjcwycnfJVf3IiSyN7k7wc3oty4toHDfHpjyc7NzChJVM9E74B6Tf1s1K2VJEOIfEC2ankHMA2TZjpK_gQbFm9phEh0Xmthip103J38kixqyxuKqlW-z6kX-KHofUq5A5RKVXCOmBxjCW6TGQ-VSHrzxQxh7y3KwZTYqwo3c-W8fmT7dR46y7vCDPh6pE1hGtmzA_fZImup3j4q8Y_8QRCs9IgRrU4gApTLxhOHInzZslLoG3lNyTJfxazGbTev5IRnJQq1Sm8y6Ej_ZEx2PP7NhV9QCvEUeFD-O27hfGeSCX3_euhzfLlXd32ep3IFz4vcHiZkk_ho0TZDcZNVUT2400A0FTzxVaqov2tbC808JiD93i-mOK85yjZqNx0t41AUJfmWKPxi-8NKWjr4KlsZ2FF7oQIdWJqEJcyeeHFt9Uj59YDXSFq_mneUk3UoHY639DXKUy4y8Q7JVzO_euBRU86z7rkzdsJtqrYkMX4_kK67XnNX_GYFAHzOa3_OhDPfq0GnaBzHuNapuEgzdJDTub_hKY_C-aJxGQM6gb4APdV6J_AlcLyz15ddkZaEWu_i92-vGHVORfNPlMN2EgFslEykr57D2DfDAO-kDiCiTv4fe5H55PURglJs0UHUy5kosMQi7JXTrwt4O-8iyPNpxVbc407r7ypoA9Adblxw-9GB2oHreDSLseyE7pkP1tXYeRmZqlRWV-rPrCUgZ8oQw-BDQWpW0JggHibshlsRqsheDPZTM_-C87iRBoNhWwFdoDEnDJFZMksQRIWAa42gKYcu26TmJk4GkGGKPxENnQIOTOgBRibjLU-0r4p21vACvqTvhoA2_va-zy4wzzZHOAWBrPCVma5pT4VOruF-ec9B6XwGXu-TDhbtAgWlygtnFV4usPDALFikbzUdCP3gOhEKN-MEgs-RVsXADBAmdeBkvbQTe4CntDlcxtmnhEMFcNKm1LX2ZuRR21pKSSnQbDS429ORIkgkGehPWCaYeMwlzjf0qs8p6FJ_5sxr3jVjSi0Lf5eOOK7sbMr0TlaDLo-9H_YSTVbr2QFo5z4sSCbmDBL9tx1s6XyCabiEPFKK9x9HYlQpyAbsV00F-_UIvvn05FKnp1_yYshMg9nhKn64-EGrkH0pzk6YjJKK0kmtkCKiNHLjoY-Ys0VG2MPDfVIDeeOQC5JwuPlOjjnRY6DEibWFb4dq_FoSADa4Xcz_W4CnNX4LyUrIlZiEeYWSZ0u2It4k9PBUJQz-j-g4M4AmlhfwcfrllEAbdDj61hSxURwSioJdJVn-Gc382fePcFNEmSHhhnJf7PwpvpG-eISywe9ter-4AKagbU0HNWbZoBJF7rYTEFIaB5vAfhsZRh77vJoeVp9kCyYe5MVuV-kMEOcgimC3vdVXj_X8bf4QylJdH9XXqJAXv0GNIsIBglVBHTJwbHiwFOp729VlSK7KE62Q6xqrn1utVOokE0P8h7pMfb5uddu2d6Z53yF1ASaW6-TsR6sCUYnIxOuxSfEoVx2-06AVuM5nc5LGr-FO-YP7HLz0JqP2N74C6yiuE6H9hCUZ3yIMhnENEQERN-2FAo20tpw8vHCIe36T-YhuUDgHRjEyufvhB1ET5G6o0Hjb6j9va7t2T1uMm_3JTKjR3jaYl4GCeKslyjBh25RF9cO6LieLPXL3RE9I9kXQNELvwJjUKYetWQGzJXi-lGZqs7vNUt6Bfh3zkYuIzSLCztyp5si4xmhycTAGQfR0DuGSzxywDCoHEgqmK-NlTjf6epI4u4_O-hwJJwXb6RGT3XXagOKC1nbvx53yByZRhADhVhUSC0ewH51eY3lvuyQOJ_Ozs17-AddNWUwtAYuVWXzvPR8V4jS5elKS5pvZkbQhvrBVH2UXfb75GzWjI3mheeJDTG8bDpF6aVo2zYJ1WIAxG5JK8Y1TCxlFwgpghEGoONVW4h3csDC33-95zforM7JESheiTDnoJHcKXJbD9DA67zb2OLxQ9qUopjPZlYX3jZ8ApYfEbcY3sG9s1IKAkDpDARAg-jf_Y7EPjNIG7Uon2u2HBg8S_gZAlF31qF_BMqlDFts1Z-vh6uVzoFvTD4DYS0gebvdbbZ3rynqSfBZMBgC0_rwRtQDv-gYoPsAD0eyAZsRfXX_4ctIciKb-U%3D&rank=5&testVersionOverride=Buttercup%2C39483.0.0%2C50206.169039.1%2C50028.0.0%2C50813.0.0%2C49817.165296.0%2C51642.162844.1%2C49460.165713.0%2C51690.163220.0%2C52131.163559.0%2C52527.167088.0%2C52789.167580.0%2C53217.0.0%2C50988.158353.0&slots=&position=13&beaconIssued=&sort=RECOMMENDED&top_dp=481&top_cur=CAD&userIntent=&selectedRoomType=213002770&selectedRatePlan=240041883&searchId=fa11a743-e1a4-4c6f-ae3b-bb4368a1b64e
Maxhotel Amsterdam Airport Schiphol,Museum Quarter,481,8189,8.4,https://www.expedia.ca/Amsterdam-Hotels-Max-Brown-Hotel-Canal-District.h1453046.Hotel-Information?chkin=2024-04-15&chkout=2024-04-29&x_pwa=1&rfrr=HSR&pwa_ts=1709275108216&referrerUrl=aHR0cHM6Ly93d3cuZXhwZWRpYS5jYS9Ib3RlbC1TZWFyY2g%3D&useRewards=false&rm1=a1&regionId=178229&destination=Amsterdam+%28and+vicinity%29%2C+North+Holland%2C+Netherlands&destType=MARKET&neighborhoodId=553248635976383750&latLong=52.37304%2C4.89237&sort=RECOMMENDED&top_dp=470&top_cur=CAD&userIntent=&selectedRoomType=225360&selectedRatePlan=232291204&searchId=fa11a743-e1a4-4c6f-ae3b-bb4368a1b64e
"Max Brown Hotel Canal District, part of Sircle Collection",Hoofddorp,470,7998,8.4,https://www.expedia.ca/Amsterdam-Hotels-Leonardo-Hotel-Amsterdam-Rembrandtpark.h4342180.Hotel-Information?chkin=2024-04-15&chkout=2024-04-29&x_pwa=1&rfrr=HSR&pwa_ts=1709275108199&referrerUrl=aHR0cHM6Ly93d3cuZXhwZWRpYS5jYS9Ib3RlbC1TZWFyY2g%3D&useRewards=false&rm1=a1&regionId=178229&destination=Amsterdam+%28and+vicinity%29%2C+North+Holland%2C+Netherlands&destType=MARKET&neighborhoodId=178336&latLong=52.37304%2C4.89237&sort=RECOMMENDED&top_dp=302&top_cur=CAD&userIntent=&selectedRoomType=212710993&selectedRatePlan=238183636&searchId=fa11a743-e1a4-4c6f-ae3b-bb4368a1b64e
Leonardo Hotel Amsterdam Rembrandtpark,Badhoevedorp,385,6548,8.4,https://www.expedia.ca/Amsterdam-Hotels-Leonardo-Boutique-Museumhotel.h17151422.Hotel-Information?chkin=2024-04-15&chkout=2024-04-29&x_pwa=1&rfrr=HSR&pwa_ts=1709275108175&referrerUrl=aHR0cHM6Ly93d3cuZXhwZWRpYS5jYS9Ib3RlbC1TZWFyY2g%3D&useRewards=false&rm1=a1&regionId=178229&destination=Amsterdam+%28and+vicinity%29%2C+North+Holland%2C+Netherlands&destType=MARKET&neighborhoodId=6052213&latLong=52.37304%2C4.89237&sort=RECOMMENDED&top_dp=385&top_cur=CAD&userIntent=&selectedRoomType=201802434&selectedRatePlan=209292978&searchId=fa11a743-e1a4-4c6f-ae3b-bb4368a1b64e
Leonardo Boutique Museumhotel,Amsterdam,302,5139,8.4,https://www.expedia.ca/Amsterdam-Hotels-Eric-Vokel-Boutique-Apartments-Riverfront-Suites.h96210913.Hotel-Information?chkin=2024-04-15&chkout=2024-04-29&x_pwa=1&rfrr=HSR&pwa_ts=1709275108219&referrerUrl=aHR0cHM6Ly93d3cuZXhwZWRpYS5jYS9Ib3RlbC1TZWFyY2g%3D&useRewards=false&rm1=a1&regionId=178229&destination=Amsterdam+%28and+vicinity%29%2C+North+Holland%2C+Netherlands&destType=MARKET&neighborhoodId=6006038&latLong=52.37304%2C4.89237&sort=RECOMMENDED&top_dp=658&top_cur=CAD&userIntent=&selectedRoomType=322690961&selectedRatePlan=391916225&searchId=fa11a743-e1a4-4c6f-ae3b-bb4368a1b64e
Eric Vkel Boutique Apartments - Riverfront Suites,Amsterdam,248,4003,8.4,https://www.expedia.ca/Amsterdam-Hotels-EasyHotel-Amsterdam-Airport-Schiphol.h37979620.Hotel-Information?chkin=2024-04-15&chkout=2024-04-29&x_pwa=1&rfrr=HSR&pwa_ts=1709275108201&referrerUrl=aHR0cHM6Ly93d3cuZXhwZWRpYS5jYS9Ib3RlbC1TZWFyY2g%3D&useRewards=false&rm1=a1&regionId=178229&destination=Amsterdam+%28and+vicinity%29%2C+North+Holland%2C+Netherlands&destType=MARKET&latLong=52.37304%2C4.89237&sort=RECOMMENDED&top_dp=167&top_cur=CAD&userIntent=&selectedRoomType=218456465&selectedRatePlan=276213332&searchId=fa11a743-e1a4-4c6f-ae3b-bb4368a1b64e
De Bedstee Boutique Capsules,Amsterdam,190,3227,8.4,https://www.expedia.ca/Amsterdam-Hotels-De-Bedstee-Boutique-Capsules.h581168.Hotel-Information?chkin=2024-04-15&chkout=2024-04-29&x_pwa=1&rfrr=HSR&pwa_ts=1709275108164&referrerUrl=aHR0cHM6Ly93d3cuZXhwZWRpYS5jYS9Ib3RlbC1TZWFyY2g%3D&useRewards=false&rm1=a1&regionId=178229&destination=Amsterdam+%28and+vicinity%29%2C+North+Holland%2C+Netherlands&destType=MARKET&neighborhoodId=6052213&latLong=52.37304%2C4.89237&sort=RECOMMENDED&top_dp=190&top_cur=CAD&userIntent=&selectedRoomType=202006127&selectedRatePlan=210407979&searchId=fa11a743-e1a4-4c6f-ae3b-bb4368a1b64e
"Corendon Amsterdam Schiphol Airport, a Tribute Portfolio Hotel",Amsterdam,180,2829,8.4,https://www.expedia.ca/Amsterdam-Hotels-Corendon-Plaza-Amsterdam-Airport-Hotel.h76024718.Hotel-Information?chkin=2024-04-15&chkout=2024-04-29&x_pwa=1&rfrr=HSR&pwa_ts=1709275108225&referrerUrl=aHR0cHM6Ly93d3cuZXhwZWRpYS5jYS9Ib3RlbC1TZWFyY2g%3D&useRewards=false&rm1=a1&regionId=178229&destination=Amsterdam+%28and+vicinity%29%2C+North+Holland%2C+Netherlands&destType=MARKET&latLong=52.37304%2C4.89237&sort=RECOMMENDED&top_dp=248&top_cur=CAD&userIntent=&selectedRoomType=323862516&selectedRatePlan=393013793&searchId=fa11a743-e1a4-4c6f-ae3b-bb4368a1b64e
Blue Mansion Hotel,Aalsmeer,167,2702,8.4,https://www.expedia.ca/Amsterdam-Hotels-Blue-Mansion-Hotel.h6269644.Hotel-Information?chkin=2024-04-15&chkout=2024-04-29&x_pwa=1&rfrr=HSR&pwa_ts=1709275108209&referrerUrl=aHR0cHM6Ly93d3cuZXhwZWRpYS5jYS9Ib3RlbC1TZWFyY2g%3D&useRewards=false&rm1=a1&regionId=178229&destination=Amsterdam+%28and+vicinity%29%2C+North+Holland%2C+Netherlands&destType=MARKET&latLong=52.37304%2C4.89237&sort=RECOMMENDED&top_dp=180&top_cur=CAD&userIntent=&selectedRoomType=200312585&selectedRatePlan=205888418&searchId=fa11a743-e1a4-4c6f-ae3b-bb4368a1b64e
Ramada by Wyndham Amsterdam Airport Schiphol,Red Light District,461,7842,8.2,https://www.expedia.ca/Amsterdam-Hotels-Ramada-By-Wyndham-Amsterdam-Airport-Schiphol.h16893.Hotel-Information?chkin=2024-04-15&chkout=2024-04-29&x_pwa=1&rfrr=HSR&pwa_ts=1709275108170&referrerUrl=aHR0cHM6Ly93d3cuZXhwZWRpYS5jYS9Ib3RlbC1TZWFyY2g%3D&useRewards=false&rm1=a1&regionId=178229&destination=Amsterdam+%28and+vicinity%29%2C+North+Holland%2C+Netherlands&destType=MARKET&latLong=52.37304%2C4.89237&sort=RECOMMENDED&top_dp=198&top_cur=CAD&userIntent=&selectedRoomType=210604186&selectedRatePlan=224105967&searchId=fa11a743-e1a4-4c6f-ae3b-bb4368a1b64e
Hotel The Exchange,Halfweg,300,5103,8.2,https://www.expedia.ca/Amsterdam-Hotels-Hotel-The-Exchange.h866153.Hotel-Information?chkin=2024-04-15&chkout=2024-04-29&x_pwa=1&rfrr=HSR&pwa_ts=1709275108213&referrerUrl=aHR0cHM6Ly93d3cuZXhwZWRpYS5jYS9Ib3RlbC1TZWFyY2g%3D&useRewards=false&rm1=a1&regionId=178229&destination=Amsterdam+%28and+vicinity%29%2C+North+Holland%2C+Netherlands&destType=MARKET&neighborhoodId=503532&latLong=52.37304%2C4.89237&sort=RECOMMENDED&top_dp=461&top_cur=CAD&userIntent=&selectedRoomType=200098710&selectedRatePlan=382404991&searchId=fa11a743-e1a4-4c6f-ae3b-bb4368a1b64e
Hotel Not Hotel Amsterdam,Badhoevedorp,261,4228,8.2,https://www.expedia.ca/Amsterdam-Hotels-Hotel-Not-Hotel.h8784192.Hotel-Information?chkin=2024-04-15&chkout=2024-04-29&x_pwa=1&rfrr=HSR&pwa_ts=1709275108204&referrerUrl=aHR0cHM6Ly93d3cuZXhwZWRpYS5jYS9Ib3RlbC1TZWFyY2g%3D&useRewards=false&rm1=a1&regionId=178229&destination=Amsterdam+%28and+vicinity%29%2C+North+Holland%2C+Netherlands&destType=MARKET&neighborhoodId=553248635976382461&latLong=52.37304%2C4.89237&sort=RECOMMENDED&top_dp=300&top_cur=CAD&userIntent=&selectedRoomType=200753624&selectedRatePlan=204270450&searchId=fa11a743-e1a4-4c6f-ae3b-bb4368a1b64e
EuroParcs Spaarnwoude,Amsterdam,198,3203,8.2,https://www.expedia.ca/Amsterdam-Hotels-Droompark-Spaarnwoude.h29500975.Hotel-Information?chkin=2024-04-15&chkout=2024-04-29&x_pwa=1&rfrr=HSR&pwa_ts=1709275108182&referrerUrl=aHR0cHM6Ly93d3cuZXhwZWRpYS5jYS9Ib3RlbC1TZWFyY2g%3D&useRewards=false&rm1=a1&regionId=178229&destination=Amsterdam+%28and+vicinity%29%2C+North+Holland%2C+Netherlands&destType=MARKET&latLong=52.37304%2C4.89237&sort=RECOMMENDED&top_dp=261&top_cur=CAD&userIntent=&selectedRoomType=321247314&selectedRatePlan=388341395&searchId=fa11a743-e1a4-4c6f-ae3b-bb4368a1b64e
Amsterdam Teleport Hotel,Amsterdam,115,1964,8.2,https://www.expedia.ca/Amsterdam-Hotels-Amsterdam-Teleport-Hotel.h11572822.Hotel-Information?chkin=2024-04-15&chkout=2024-04-29&x_pwa=1&rfrr=HSR&pwa_ts=1709275108152&referrerUrl=aHR0cHM6Ly93d3cuZXhwZWRpYS5jYS9Ib3RlbC1TZWFyY2g%3D&useRewards=false&rm1=a1&regionId=178229&destination=Amsterdam+%28and+vicinity%29%2C+North+Holland%2C+Netherlands&destType=MARKET&neighborhoodId=553248635976382275&latLong=52.37304%2C4.89237&sort=RECOMMENDED&top_dp=115&top_cur=CAD&userIntent=&selectedRoomType=321211415&selectedRatePlan=388210952&searchId=fa11a743-e1a4-4c6f-ae3b-bb4368a1b64e
easyHotel Amsterdam Zaandam,Zaandam,513,8732,8.0,https://www.expedia.ca/Amsterdam-Hotels-Sonder-Park-House.h67202027.Hotel-Information?chkin=2024-04-15&chkout=2024-04-29&x_pwa=1&rfrr=HSR&pwa_ts=1709275108216&referrerUrl=aHR0cHM6Ly93d3cuZXhwZWRpYS5jYS9Ib3RlbC1TZWFyY2g%3D&useRewards=false&rm1=a1&regionId=178229&destination=Amsterdam+%28and+vicinity%29%2C+North+Holland%2C+Netherlands&destType=MARKET&neighborhoodId=6052213&latLong=52.37304%2C4.89237&trackingData=AAAAAQAAAAEAAAAQaw6Yx1lbb6XlfgyOktI4ElfQlV7Nw-p2YQK5xShYd02oYkEDuNkVF1OLaovW8vEsHjpl0UMq0gqoS3780c-gaedNgjD0_CoNEEwgHuUsyq-Q_wMBCNZbXNHJ-ZO0JL6aCDcctNE2oXLYhmOWCorB3q0Yf7WegB9qGvutz6yMZiiLzMxhfhrqleftkX8Vr6XRLdsUB-uES5uiInt_1j44rTGDuUmU9BG-o761CJc_AFijT27pcWk4ul2aD2-0n4TLYj1f-PlLJGFMgDop6Q6HWeHc5Exlg8Q90fBw9Nij6t2G04L_WegMn02tvKdhHyw_wTFddNXBNiF7N9CtuAiuijdx8Nfmc45oZmBCcw8hMuqUgPzNac6ychYuMPoi5Y8-Hynh41T9Q8AUHytEukT947Rzdhx9X_slgzCrGy8KeZM9ihU-PhYv-M8bN7W2EplMVmVuXsgdXGjibgvPgoJjKEKEXDBbfg0IH-YV7z6A5b_9VX0U9TwgtwHibtiVlhECWRdwA_B7AVZYiDcBPcHW9y8pYfLKiujIcF8lU5qQc_2nJpPwXLTdvKS7yvm6dGsGcmV1zkuarJzxXlbOSfmKfo_0qoeSlEQrmk5qUGhN_bfNia-nq-iq2eigGxCM6toRdtGsjtFQbhHkPpLlEivZ-w6WOeyUbkZ6muOVrmKqX-X7Pk1zwLjatNAlbtGw11KjVGdF9k20ULI3QTyjtqARt5VVjvtsn5Ah1vOirxlVeELSlIzD8cEZVitMUNDU_TucKM2mnGdN74Rl_5LPyRZNA99iAgji2yvNLCHvsvPL_tdho3pwfeGmtk_Kbsh5p3YWLvERIwI22VcX0PGyiu115HnVRS3xiwdVCVw1g8umclX0H1hPA119uSNo7M49OCT_8kRGiIhR9GskfmswX6RMRAw7gYYT8vvaxuQiMESe_9sNEAWh7asxC6dFFW2v4NkM1ZOq7wkjBiM2oxraURL6z_V12nTk1UOV7luf5iglLWbxZOdZ1y-b8AXYYUBBzdqkwdvP0K2CE7uJbK7msFA8UZTB0BmGjRvytVjxKb0deA7sfWSdrfaxWOHpPMFEV6P4ngnjSZJlAVDLfA542fAMrqJ1jqM_A9xca3CnoPmzfSGxcotkDu9NzWGoL8XP4vflTOIv0FDX3NvB5FMKRX_br7pHWb2tB6-Zr8rD643SAvf5EECmdA4fWq1_HnA4RjDsi0OkknVr6zVl6VWdIJrvvLgxAyRi4UnTnp6GmW2y2sDevqw_lxJSmbpnOajIqBCOjFresd701TFegVl8rivuPncbLu-YvLrbVQaQzo4EihG8QjGUOo9uJIlQNWuv3Ep7_eF6RLtRB_ff2zGZdIGES2cpXu5ZDGw4vp3mFb3Gv8pI91CsBOLm1jdo0bC62dXV4TWvDovNuhTVg7uTwaT5Ig9TXVMxw8XXkC8k08cgsGns_khENLGnbNv1kIF8sQ7vbaTmUTggK68VHD2LqK0QWV0kpj-JpbSDj9tSzabaE3WvZ5mnQiIwDHlCzq7m_LFRUOAeBLof3s1UegL_vQXaTr55S6AnSFborM6BKbQc4NlatnVz3SK2ugjglSgK7x-f-7AyvvagHb4K4HmGbUhsp-IWxowYSX9GJ99reeHlZ0rG7RsHxFbfl7LNwnW9BVdZXJsvOaVPL1s2QPHNZ6PE7Uhap_15CsGDiPCXFnHeN7xVwLP5IBMFL5eyGYDiqAc_buXnUBpal9f31PUdSFGn5N7SgofgG7D2erMjxlemuQDz40qhv74vlfRI33qdlHDqAs7eeloxGr8AYARw2yYpaoudtW7BpDhvkxGapj03gqVb-t9UZVOhEGc1_e1dnk0YZkvmwzxOctbFDWo7dnpFjOF73vs1UOfGrQZkoSik-RVNGP9lVEIrMAB3l6wIgNudT0RH4USFtp_PCKlziCkpgixWOeBtDehrBXYDIJyETnkxDvAU0EaLzCyx4YXBwd3s_wnG6_fc45kUpqB5rmeFAR47uhwnvy2BA86CM1PwjLW4eN4cpqHbVXU7H8PgVMvWjD6ZG1rfZ5ikwGBi2ZyZZHoVr-_JopGEaZ79wnDY37DUdVTKLL9Az8ybz65ysO1KOtkJ5L28yvn3XTNOQWl9Q4cmZRwvsYk4-8rdfv1FD9JJe1z3_JTRdqOzaNbOy3V3k1xaHmfjIDw73lLOjC_lttR-_SQ8SAXTwq4tbn7ZQATTIqwwT0VebPxD_J_AUWbzZZmxr4jaN9RTpDNRiVxfwnTCMv_OFSjfNddNFtRnMIU%3D&rank=12&testVersionOverride=Buttercup%2C39483.0.0%2C50206.169039.1%2C50028.0.0%2C50813.0.0%2C49817.165296.0%2C51642.162844.1%2C49460.165713.0%2C51690.163220.0%2C52131.163559.0%2C52527.167088.0%2C52789.167580.0%2C53217.0.0%2C50988.158353.0&slots=&position=88&beaconIssued=&sort=RECOMMENDED&top_dp=359&top_cur=CAD&userIntent=&selectedRoomType=314162646&selectedRatePlan=387859149&searchId=fa11a743-e1a4-4c6f-ae3b-bb4368a1b64e
Sonder Park House,Red Light District,361,6149,8.0,https://www.expedia.ca/Amsterdam-Hotels-Sonder-Park-House.h67202027.Hotel-Information?chkin=2024-04-15&chkout=2024-04-29&x_pwa=1&rfrr=HSR&pwa_ts=1709275108158&referrerUrl=aHR0cHM6Ly93d3cuZXhwZWRpYS5jYS9Ib3RlbC1TZWFyY2g%3D&useRewards=false&rm1=a1&regionId=178229&destination=Amsterdam+%28and+vicinity%29%2C+North+Holland%2C+Netherlands&destType=MARKET&neighborhoodId=6052213&latLong=52.37304%2C4.89237&sort=RECOMMENDED&top_dp=359&top_cur=CAD&userIntent=&selectedRoomType=314162646&selectedRatePlan=387859149&searchId=fa11a743-e1a4-4c6f-ae3b-bb4368a1b64e
Sonder Park House,Museum Quarter,359,5658,8.0,https://www.expedia.ca/Amsterdam-Hotels-Hotel-Sebastians.h4099831.Hotel-Information?chkin=2024-04-15&chkout=2024-04-29&x_pwa=1&rfrr=HSR&pwa_ts=1709275108223&referrerUrl=aHR0cHM6Ly93d3cuZXhwZWRpYS5jYS9Ib3RlbC1TZWFyY2g%3D&useRewards=false&rm1=a1&regionId=178229&destination=Amsterdam+%28and+vicinity%29%2C+North+Holland%2C+Netherlands&destType=MARKET&neighborhoodId=553248635976383750&latLong=52.37304%2C4.89237&sort=RECOMMENDED&top_dp=513&top_cur=CAD&userIntent=&selectedRoomType=200526818&selectedRatePlan=203402163&searchId=fa11a743-e1a4-4c6f-ae3b-bb4368a1b64e
Hotel Sebastian's,Museum Quarter,359,5658,8.0,https://www.expedia.ca/Amsterdam-Hotels-Hotel-CC.h3224535.Hotel-Information?chkin=2024-04-15&chkout=2024-04-29&x_pwa=1&rfrr=HSR&pwa_ts=1709275108193&referrerUrl=aHR0cHM6Ly93d3cuZXhwZWRpYS5jYS9Ib3RlbC1TZWFyY2g%3D&useRewards=false&rm1=a1&regionId=178229&destination=Amsterdam+%28and+vicinity%29%2C+North+Holland%2C+Netherlands&destType=MARKET&neighborhoodId=503532&latLong=52.37304%2C4.89237&sort=RECOMMENDED&top_dp=361&top_cur=CAD&userIntent=&selectedRoomType=454900&selectedRatePlan=206390042&searchId=fa11a743-e1a4-4c6f-ae3b-bb4368a1b64e
Hotel CC,Amsterdam,255,4334,8.0,https://www.expedia.ca/Amsterdam-Hotels-EasyHotel-Amsterdam-Zaandam.h18096239.Hotel-Information?chkin=2024-04-15&chkout=2024-04-29&x_pwa=1&rfrr=HSR&pwa_ts=1709275108178&referrerUrl=aHR0cHM6Ly93d3cuZXhwZWRpYS5jYS9Ib3RlbC1TZWFyY2g%3D&useRewards=false&rm1=a1&regionId=178229&destination=Amsterdam+%28and+vicinity%29%2C+North+Holland%2C+Netherlands&destType=MARKET&latLong=52.37304%2C4.89237&sort=RECOMMENDED&top_dp=208&top_cur=CAD&userIntent=&selectedRoomType=201936181&selectedRatePlan=209816997&searchId=fa11a743-e1a4-4c6f-ae3b-bb4368a1b64e
Best Western Amsterdam,Amsterdam,208,3326,8.0,https://www.expedia.ca/Amsterdam-Hotels-Best-Western-Amsterdam.h891186.Hotel-Information?chkin=2024-04-15&chkout=2024-04-29&x_pwa=1&rfrr=HSR&pwa_ts=1709275108193&referrerUrl=aHR0cHM6Ly93d3cuZXhwZWRpYS5jYS9Ib3RlbC1TZWFyY2g%3D&useRewards=false&rm1=a1&regionId=178229&destination=Amsterdam+%28and+vicinity%29%2C+North+Holland%2C+Netherlands&destType=MARKET&neighborhoodId=553248635976382892&latLong=52.37304%2C4.89237&sort=RECOMMENDED&top_dp=255&top_cur=CAD&userIntent=&selectedRoomType=210030013&selectedRatePlan=387065798&searchId=fa11a743-e1a4-4c6f-ae3b-bb4368a1b64e
ibis budget Amsterdam City South,Zuidoost,221,3581,7.8,https://www.expedia.ca/Amsterdam-Hotels-Ibis-Budget-Amsterdam-City-South.h16297091.Hotel-Information?chkin=2024-04-15&chkout=2024-04-29&x_pwa=1&rfrr=HSR&pwa_ts=1709275108215&referrerUrl=aHR0cHM6Ly93d3cuZXhwZWRpYS5jYS9Ib3RlbC1TZWFyY2g%3D&useRewards=false&rm1=a1&regionId=178229&destination=Amsterdam+%28and+vicinity%29%2C+North+Holland%2C+Netherlands&destType=MARKET&latLong=52.37304%2C4.89237&sort=RECOMMENDED&top_dp=221&top_cur=CAD&userIntent=&selectedRoomType=201745211&selectedRatePlan=208670786&searchId=fa11a743-e1a4-4c6f-ae3b-bb4368a1b64e
easyHotel Amsterdam Arena Boulevard,Amstelveen,211,3469,7.8,https://www.expedia.ca/Amsterdam-Hotels-EasyHotel-Amsterdam-Arena-Boulevard.h16372023.Hotel-Information?chkin=2024-04-15&chkout=2024-04-29&x_pwa=1&rfrr=HSR&pwa_ts=1709275108206&referrerUrl=aHR0cHM6Ly93d3cuZXhwZWRpYS5jYS9Ib3RlbC1TZWFyY2g%3D&useRewards=false&rm1=a1&regionId=178229&destination=Amsterdam+%28and+vicinity%29%2C+North+Holland%2C+Netherlands&destType=MARKET&neighborhoodId=6144454&latLong=52.37304%2C4.89237&sort=RECOMMENDED&top_dp=211&top_cur=CAD&userIntent=&selectedRoomType=201718303&selectedRatePlan=208563173&searchId=fa11a743-e1a4-4c6f-ae3b-bb4368a1b64e
New West Inn Amsterdam,Museum Quarter,254,4329,7.6,https://www.expedia.ca/Amsterdam-Hotels-New-West-Inn-Amsterdam.h794428.Hotel-Information?chkin=2024-04-15&chkout=2024-04-29&x_pwa=1&rfrr=HSR&pwa_ts=1709275108211&referrerUrl=aHR0cHM6Ly93d3cuZXhwZWRpYS5jYS9Ib3RlbC1TZWFyY2g%3D&useRewards=false&rm1=a1&regionId=178229&destination=Amsterdam+%28and+vicinity%29%2C+North+Holland%2C+Netherlands&destType=MARKET&neighborhoodId=178337&latLong=52.37304%2C4.89237&sort=RECOMMENDED&top_dp=210&top_cur=CAD&userIntent=&selectedRoomType=200294663&selectedRatePlan=201767040&searchId=fa11a743-e1a4-4c6f-ae3b-bb4368a1b64e
Hotel Vossius Vondelpark,Hoofddorp,210,3572,7.6,https://www.expedia.ca/Amsterdam-Hotels-Hotel-Vossius-Vondelpark.h5370715.Hotel-Information?chkin=2024-04-15&chkout=2024-04-29&x_pwa=1&rfrr=HSR&pwa_ts=1709275108175&referrerUrl=aHR0cHM6Ly93d3cuZXhwZWRpYS5jYS9Ib3RlbC1TZWFyY2g%3D&useRewards=false&rm1=a1&regionId=178229&destination=Amsterdam+%28and+vicinity%29%2C+North+Holland%2C+Netherlands&destType=MARKET&neighborhoodId=6052213&latLong=52.37304%2C4.89237&sort=RECOMMENDED&top_dp=254&top_cur=CAD&userIntent=&selectedRoomType=200523822&selectedRatePlan=202786233&searchId=fa11a743-e1a4-4c6f-ae3b-bb4368a1b64e
Bastion Hotel Amsterdam Airport,Amsterdam,175,2824,7.6,https://www.expedia.ca/Amsterdam-Hotels-Bastion-Hotel-Amsterdam-Airport.h6237235.Hotel-Information?chkin=2024-04-15&chkout=2024-04-29&x_pwa=1&rfrr=HSR&pwa_ts=1709275108211&referrerUrl=aHR0cHM6Ly93d3cuZXhwZWRpYS5jYS9Ib3RlbC1TZWFyY2g%3D&useRewards=false&rm1=a1&regionId=178229&destination=Amsterdam+%28and+vicinity%29%2C+North+Holland%2C+Netherlands&destType=MARKET&latLong=52.37304%2C4.89237&sort=RECOMMENDED&top_dp=175&top_cur=CAD&userIntent=&selectedRoomType=200310939&selectedRatePlan=201882992&searchId=fa11a743-e1a4-4c6f-ae3b-bb4368a1b64e
Hotel City Garden Amsterdam,Museum Quarter,309,5250,7.4,https://www.expedia.ca/Amsterdam-Hotels-Hotel-City-Garden-Amsterdam.h2823.Hotel-Information?chkin=2024-04-15&chkout=2024-04-29&x_pwa=1&rfrr=HSR&pwa_ts=1709275108178&referrerUrl=aHR0cHM6Ly93d3cuZXhwZWRpYS5jYS9Ib3RlbC1TZWFyY2g%3D&useRewards=false&rm1=a1&regionId=178229&destination=Amsterdam+%28and+vicinity%29%2C+North+Holland%2C+Netherlands&destType=MARKET&neighborhoodId=6052213&latLong=52.37304%2C4.89237&sort=RECOMMENDED&top_dp=309&top_cur=CAD&userIntent=&selectedRoomType=477498&selectedRatePlan=207093126&searchId=fa11a743-e1a4-4c6f-ae3b-bb4368a1b64e
Best Western Plus Amsterdam Airport Hotel,Hoofddorp,241,4104,7.4,https://www.expedia.ca/Amsterdam-Hotels-Best-Western-Plus-Amsterdam-Airport-Hotel.h910272.Hotel-Information?chkin=2024-04-15&chkout=2024-04-29&x_pwa=1&rfrr=HSR&pwa_ts=1709275108191&referrerUrl=aHR0cHM6Ly93d3cuZXhwZWRpYS5jYS9Ib3RlbC1TZWFyY2g%3D&useRewards=false&rm1=a1&regionId=178229&destination=Amsterdam+%28and+vicinity%29%2C+North+Holland%2C+Netherlands&destType=MARKET&latLong=52.37304%2C4.89237&sort=RECOMMENDED&top_dp=180&top_cur=CAD&userIntent=&selectedRoomType=28822&selectedRatePlan=201148162&searchId=fa11a743-e1a4-4c6f-ae3b-bb4368a1b64e
Bastion Hotel Amsterdam Zuidwest,Amsterdam,180,2902,7.4,https://www.expedia.ca/Amsterdam-Hotels-Bastion-Hotel-Amsterdam-Zuidwest.h910274.Hotel-Information?chkin=2024-04-15&chkout=2024-04-29&x_pwa=1&rfrr=HSR&pwa_ts=1709275108201&referrerUrl=aHR0cHM6Ly93d3cuZXhwZWRpYS5jYS9Ib3RlbC1TZWFyY2g%3D&useRewards=false&rm1=a1&regionId=178229&destination=Amsterdam+%28and+vicinity%29%2C+North+Holland%2C+Netherlands&destType=MARKET&neighborhoodId=553248635976382892&latLong=52.37304%2C4.89237&sort=RECOMMENDED&top_dp=241&top_cur=CAD&userIntent=&selectedRoomType=316570198&selectedRatePlan=386309011&searchId=fa11a743-e1a4-4c6f-ae3b-bb4368a1b64e
Ozo Hotels Armada Amsterdam,Zwanenburg,325,5523,7.2,https://www.expedia.ca/Amsterdam-Hotels-Ozo-Hotels-Armada-Amsterdam.h2785398.Hotel-Information?chkin=2024-04-15&chkout=2024-04-29&x_pwa=1&rfrr=HSR&pwa_ts=1709275108217&referrerUrl=aHR0cHM6Ly93d3cuZXhwZWRpYS5jYS9Ib3RlbC1TZWFyY2g%3D&useRewards=false&rm1=a1&regionId=178229&destination=Amsterdam+%28and+vicinity%29%2C+North+Holland%2C+Netherlands&destType=MARKET&neighborhoodId=553248635976383413&latLong=52.37304%2C4.89237&sort=RECOMMENDED&top_dp=325&top_cur=CAD&userIntent=&selectedRoomType=201513482&selectedRatePlan=207597115&searchId=fa11a743-e1a4-4c6f-ae3b-bb4368a1b64e
Hotel Zwanenburg,Amsterdam,150,2429,7.2,https://www.expedia.ca/Amsterdam-Hotels-Hotel-Zwanenburg.h1085647.Hotel-Information?chkin=2024-04-15&chkout=2024-04-29&x_pwa=1&rfrr=HSR&pwa_ts=1709275108209&referrerUrl=aHR0cHM6Ly93d3cuZXhwZWRpYS5jYS9Ib3RlbC1TZWFyY2g%3D&useRewards=false&rm1=a1&regionId=178229&destination=Amsterdam+%28and+vicinity%29%2C+North+Holland%2C+Netherlands&destType=MARKET&latLong=52.37304%2C4.89237&sort=RECOMMENDED&top_dp=150&top_cur=CAD&userIntent=&selectedRoomType=225601145&selectedRatePlan=244392112&searchId=fa11a743-e1a4-4c6f-ae3b-bb4368a1b64e
easyHotel Amsterdam City Centre South,De Pijp,253,4302,7.0,https://www.expedia.ca/Amsterdam-Hotels-EasyHotel-Amsterdam-City-Centre-South.h4814791.Hotel-Information?chkin=2024-04-15&chkout=2024-04-29&x_pwa=1&rfrr=HSR&pwa_ts=1709275108180&referrerUrl=aHR0cHM6Ly93d3cuZXhwZWRpYS5jYS9Ib3RlbC1TZWFyY2g%3D&useRewards=false&rm1=a1&regionId=178229&destination=Amsterdam+%28and+vicinity%29%2C+North+Holland%2C+Netherlands&destType=MARKET&neighborhoodId=6052212&latLong=52.37304%2C4.89237&sort=RECOMMENDED&top_dp=253&top_cur=CAD&userIntent=&selectedRoomType=200523625&selectedRatePlan=202785922&searchId=fa11a743-e1a4-4c6f-ae3b-bb4368a1b64e
Quentin Hotel Golden Bear,Amsterdam,266,4528,6.2,https://www.expedia.ca/Amsterdam-Hotels-Quentin-Hotel-Golden-Bear.h8788866.Hotel-Information?chkin=2024-04-15&chkout=2024-04-29&x_pwa=1&rfrr=HSR&pwa_ts=1709275108199&referrerUrl=aHR0cHM6Ly93d3cuZXhwZWRpYS5jYS9Ib3RlbC1TZWFyY2g%3D&useRewards=false&rm1=a1&regionId=178229&destination=Amsterdam+%28and+vicinity%29%2C+North+Holland%2C+Netherlands&destType=MARKET&neighborhoodId=553248635976383750&latLong=52.37304%2C4.89237&sort=RECOMMENDED&top_dp=266&top_cur=CAD&userIntent=&selectedRoomType=200753487&selectedRatePlan=392636119&searchId=fa11a743-e1a4-4c6f-ae3b-bb4368a1b64e
